source,target,weight
1605636,64684,1
1605636,1343349,1
1605636,1352169,1
1605636,451036,1
1605636,569658,1
1605636,1302651,1
1605636,1160999,1
1605636,1095926,1
1605636,617958,1
1605636,1174080,1
1564688,1351761,1
1294371,13982,3
1294371,522780,3
1294371,1353272,3
1294371,721954,3
1294371,1120791,2
1294371,844409,3
1294371,1106608,3
1294371,780681,3
1294371,411847,3
1294371,961706,3
1294371,508409,3
385062,1536579,2
327724,571004,1
327724,1272562,1
319534,134509,2
319534,383874,2
409648,879928,1
409648,1193837,1
409648,1197287,1
409648,972342,1
409648,1378020,1
516146,381745,1
655411,1160999,1
655411,4281,1
655411,1229638,1
655411,1000216,1
655411,1104681,1
655411,1622358,1
655411,1263588,1
1220663,1249902,1
188473,745364,1
188473,449502,1
188473,1682446,1
188473,1136408,1
376893,88764,1
376893,154798,2
376893,1205642,1
376893,441114,1
376893,44084,1
376893,314388,1
376893,558929,1
376893,1147270,2
376893,1149956,1
376893,147638,1
376893,700758,2
376893,804093,7
1040445,484531,1
1040445,582577,1
1040445,274794,1
1040445,1327647,2
1040445,1298030,1
1040445,1655855,1
1040445,552764,1
1040445,381057,1
1040445,617339,1
1040445,921111,1
1040445,495864,1
1040445,1368222,2
1040445,1482204,1
1335358,1264443,1
1335358,819965,2
1335358,1447156,2
1335358,616986,1
1335358,829280,1
360511,92645,1
360511,108147,1
360511,130178,1
360511,1481761,1
360511,1661083,1
360511,1081675,1
360511,1322351,1
360511,1133442,1
360511,437311,1
360511,900481,4
360511,900446,1
1212482,158278,1
1212482,982879,1
1212482,616986,2
1212482,1235043,1
1613893,364969,1
1613893,1014848,1
1613893,1628620,2
1613893,467782,1
1613893,910910,1
1613893,1352904,2
1613893,1071670,1
1613893,625075,2
1613893,443024,1
1613893,563144,1
1613893,740677,1
1613893,52673,5
1613893,1700072,2
1613893,484531,1
1613893,747182,1
1613893,517580,1
622662,1298030,1
573512,946877,3
573512,573292,1
573512,628163,1
573512,585192,1
573512,615884,1
573512,1585636,1
573512,724072,1
573512,913183,1
573512,1699781,1
573512,881265,1
573512,520031,2
573512,130150,1
573512,1688381,1
573512,214101,2
1155149,411907,1
1155149,1195640,1
1155149,692760,1
1155149,1187317,1
1155149,1659362,1
1155149,947230,1
1155149,1496916,1
1155149,1174648,1
1155149,619106,1
1155149,266662,1
1155149,1659246,1
1155149,945620,1
1155149,293598,1
1155149,1640426,1
1351761,1298463,6
1351761,1447156,1
1351761,436547,1
393298,692760,1
393298,897226,1
393298,1195640,1
393298,68401,1
122964,1706811,1
122964,1618604,1
122964,1201617,1
122964,745378,1
122964,421808,1
122964,957948,1
122964,1535083,1
122964,1246704,1
1187924,1355835,1
1187924,849916,1
1187924,876796,1
360537,1045159,1
360537,128023,1
360537,366544,1
360537,507653,2
360537,558929,5
360537,1529253,2
360537,276785,2
360537,331047,1
434277,1158890,1
434277,1598825,1
434277,1201617,1
434277,435763,1
1630319,1420754,2
1630319,31302,1
1630319,1707798,1
1630319,1648374,2
1630319,1391604,1
1630319,569417,1
1597558,31302,2
1597558,1593113,1
1597558,551653,1
1597558,1353779,8
1597558,1481761,1
1597558,689951,1
1597558,422072,1
41082,768684,1
41082,1632846,3
41082,157120,1
1302651,1343349,1
1302651,1055498,1
1302651,1481761,1
1302651,1095926,1
1302651,1315729,1
1302651,64684,1
1302651,452414,1
1302651,569658,1
1302651,1160999,1
1302651,1037989,1
1302651,747182,1
1302651,451036,1
1302651,1352169,1
1302651,1014067,1
1302651,892480,2
1302651,1174080,1
1302651,617958,1
1302651,392161,1
1302651,1255005,1
614525,52538,1
614525,796777,1
704640,914499,1
704640,467782,1
704640,1336408,1
1597573,679823,1
1269894,1331748,1
1269894,1201617,1
1482891,601799,1
1482891,90414,1
180370,495864,4
180370,3282,1
180370,486710,5
180370,1363641,4
180370,1055498,4
180370,1136416,1
180370,1514284,1
180370,1623538,4
180370,252715,1
1368222,315728,1
1368222,921111,1
1368222,1265361,2
1368222,552764,1
1368222,261721,1
1368222,1262548,1
1368222,1700072,1
1368222,558929,1
1368222,826409,2
1368222,338605,1
1368222,1632015,1
1368222,379509,1
1368222,178438,1
1368222,1505117,2
1368222,157233,1
1368222,42308,1
1368222,331047,1
1368222,52673,2
24745,502770,1
24745,37053,2
434347,1669978,1
434347,1535742,1
221357,942489,1
221357,264319,1
221357,1272562,2
221357,391709,1
401582,1306273,1
401582,392161,1
401582,992870,1
401582,1512894,1
401582,412261,1
131252,331047,1
131252,1577982,1
131252,744505,1
147638,346993,2
147638,1158984,2
147638,1205642,3
147638,558929,10
147638,246554,1
131255,865097,1
131255,294441,1
983227,1491486,6
983227,36165,1
983227,1644839,1
983227,812440,1
983227,582533,1
983227,1353770,2
983227,1389110,1
983227,617339,1
983227,601799,1
983227,865728,1
983227,467757,1
983227,1452426,1
983227,1099809,2
983227,1132479,1
835772,1263497,1
835772,1550055,1
835772,731766,2
835772,207364,3
835772,179354,1
344258,1318421,1
344258,179354,1
344258,1658892,1
344258,1511564,1
344258,370798,2
344258,1151075,3
344258,392161,1
344258,1262548,2
344258,179279,2
344258,596135,3
344258,486710,1
458947,505121,2
458947,470722,2
458947,1031505,2
458947,387868,2
1229000,479903,1
1229000,1338755,1
1229000,754301,1
1229000,1590368,1
336080,486710,1
336080,612975,1
1564882,1669126,1
1564882,1014848,1
1564882,331047,1
1564882,584845,1
1564882,923108,1
1564882,910242,1
1564882,435663,1
1564882,253881,1
1712345,501230,2
1712345,1646058,2
1712345,1001796,2
1712345,268106,2
1712345,1163068,2
385251,38159,1
1351925,1538119,1
459003,449776,2
459003,1050873,1
876796,1355835,1
876796,849916,1
49404,829860,1
639230,566602,1
639230,1690019,1
639230,685337,1
639230,661671,1
639230,666081,1
639230,656706,1
622850,771336,1
622850,408035,1
622850,538061,1
622850,728764,1
622850,1617010,1
778503,128031,1
778503,1520446,1
778503,1414355,1
778503,780450,1
778503,52673,1
778503,1666135,1
778503,364944,1
131337,86255,1
131337,1068211,1
131337,920795,1
131337,1642341,1
33043,349846,2
33043,1535952,1
33043,1636011,1
33043,123733,1
33043,535649,1
33043,1106990,1
33043,1708017,1
33043,458183,2
360733,79115,1
475422,487519,1
475422,1352169,1
475422,1629832,1
475422,476673,1
475422,1010968,1
1507619,1505117,2
1507619,1500165,2
82217,1539187,4
1450281,1226293,1
1450281,453937,1
639278,1490607,1
639278,695229,2
90414,601799,1
532803,1006674,2
459083,552764,2
459083,730082,1
459083,151059,2
1581391,125098,1
1581391,174556,1
1581391,799632,1
1147220,872815,2
1147220,1094175,2
1147220,249737,2
1147220,772395,2
1147220,715820,2
1622358,1229638,1
1622358,1249902,2
1622358,435744,1
1622358,1050165,3
1622358,1700568,1
1622358,1160999,2
1622358,865728,1
909655,110751,1
909655,1650248,1
459102,1332287,2
459102,881265,4
459102,1484773,2
459102,1151475,5
459102,326189,1
459102,397352,2
459102,331126,1
459102,1258006,4
459102,942489,3
459102,1687902,4
459102,1705773,6
459102,1178106,1
1687902,881265,1
852320,495134,4
852320,1061868,1
852320,779445,1
852320,954889,1
1696096,38558,1
1696096,502770,1
1696096,634500,1
1696096,426762,1
1696096,426757,1
1433958,1535742,1
1433958,1427467,1
1155437,715820,1
1155437,603396,1
1155437,249737,3
1155437,1133442,1
1155437,83318,1
1155437,1535742,1
1155437,779445,1
1155437,1061868,1
172400,1370472,1
172400,280983,1
172400,50401,1
172400,361778,1
958840,720162,1
958840,299619,1
696703,1042069,1
1401217,31302,1
1401217,596135,1
1147270,804093,2
1147270,700758,1
1147270,154798,1
778636,490858,1
778636,126337,1
778636,1259887,1
778636,1272562,1
778636,202517,1
778636,1260670,1
778636,910242,1
778636,1250488,1
778636,316731,1
8589,1457207,1
8589,486710,1
237966,1626930,1
237966,684123,5
1335699,928647,6
1335699,864200,5
1335699,244543,1
1335699,594316,1
33174,1687488,1
33174,1031313,1
33174,1322482,8
33174,1081176,1
33174,494247,1
942489,1201617,2
942489,1151475,1
942489,1650248,3
942489,1705192,2
942489,289332,2
942489,373299,2
942489,1272562,2
942489,617149,2
942489,747182,1
942489,73542,2
942489,1258006,1
942489,1322351,2
942489,1231858,2
942489,391709,2
942489,307990,1
942489,488554,1
942489,1481761,2
942489,1487835,2
942489,1174026,1
942489,1312575,1
942489,1585666,2
942489,813692,7
942489,1649672,2
606626,772448,1
606626,1222180,1
1507746,1659293,1
1507746,1224694,1
1507746,320635,1
1507746,337859,1
205224,88764,1
287157,393751,1
1524160,954889,1
1524160,1708463,3
1524160,1674632,1
1524160,1650248,1
1524160,1322351,1
1524160,1213282,5
1524160,361701,1
1524160,56325,3
1524160,431339,2
1524160,174176,1
1524160,479588,1
1270212,342063,1
1270212,1535952,1
991684,1347381,1
991684,812440,1
991684,1151583,1
991684,538061,1
991684,391655,1
991684,490149,1
270790,1626930,2
270790,684123,2
1491409,1502735,1
1491409,486198,2
1491409,519003,1
680406,337387,1
680406,86255,1
680406,920795,1
680406,750523,1
680406,945028,1
57814,1262960,3
57814,157233,1
451036,1014067,2
451036,1095926,2
451036,1535952,1
451036,865868,1
451036,1050165,1
451036,1352169,1
451036,1343349,1
451036,1160999,2
451036,563896,2
451036,64684,1
451036,569658,1
451036,617958,1
451036,1174080,2
1212899,648356,1
1352169,1174026,1
1352169,617958,1
1352169,1160999,1
1352169,755397,1
1352169,813692,1
1352169,1174080,1
1352169,573221,1
1352169,1629832,1
1352169,1343349,1
1352169,841916,1
1352169,476673,1
1352169,487519,1
1352169,569658,1
1352169,1257395,1
1352169,1255005,1
1352169,1481761,1
1352169,1010968,1
1352169,64684,1
1352169,1095926,1
975338,1142404,1
975338,1119559,1
975338,876178,1
98805,1585232,1
98805,563012,1
98805,394857,1
508409,411847,4
508409,522780,4
508409,1353272,4
508409,13982,4
508409,961706,3
508409,844409,4
508409,1120791,2
508409,721954,3
508409,1106608,3
508409,780681,4
762363,797918,2
762363,1617167,1
762363,752579,1
762363,860965,1
762363,1656697,2
762363,130178,9
1212925,126337,6
1212925,628163,1
1212925,1259887,1
1212925,582577,9
1212925,586037,2
1212925,1136416,2
1212925,528742,8
1212925,910242,2
1212925,1535083,1
1212925,1686278,1
1212925,244431,6
1212925,490858,1
1212925,495722,1
1212925,1217997,1
1212925,186443,1
1212925,130150,1
1212925,1246704,7
1212925,1211978,1
1212925,1250488,3
1090049,1473532,1
1090049,1182799,2
1090069,1461541,4
1090069,1022582,3
1090069,99716,4
483862,406098,1
483862,1207719,1
393751,715399,1
393751,1462384,2
999964,1249872,1
999964,828254,1
999964,869092,1
999964,448960,2
1491486,582533,1
1491486,584845,1
1491486,322073,1
1491486,849916,2
1491486,1700072,2
1491486,391638,2
1491486,253881,1
1491486,119694,1
1491486,1088800,2
1491486,1423563,3
1491486,467757,1
1491486,515191,1
1491486,1250008,2
1491486,1505117,1
1491486,915962,1
1491486,730082,4
1327647,157233,1
1327647,1682255,1
1327647,526297,1
1327647,627829,1
1327647,617339,1
1327647,1102027,1
1327647,1055993,1
1327647,415828,4
1327647,1262548,1
1327647,52673,1
1327647,331047,2
1327647,179279,1
1327647,431339,3
1327647,1481761,1
1327647,392161,8
1327647,1353779,1
1327647,381057,1
1327647,484531,1
1327647,495864,1
1327647,747478,1
1327647,1233095,1
1327647,274559,1
1327647,921111,2
1327647,1003012,1
1327647,741666,1
1327647,1662420,2
1327647,1482204,1
524844,817244,1
524844,649308,1
524844,55203,1
524844,1363641,1
696882,470722,3
696882,162130,2
696882,331126,3
696882,126337,3
696882,1174026,2
696882,1430431,1
696882,1398858,1
696882,1272562,2
696882,921111,2
574002,578025,1
574002,1146117,1
574002,1166031,1
574002,479773,1
574002,1532603,1
574002,674784,1
574002,1141392,1
41528,1301010,1
41528,920088,1
123458,1697595,2
361046,189240,1
361046,1332287,1
361046,619113,1
361046,1246704,1
361046,42308,1
361046,391709,1
361046,392161,1
1589849,538061,1
90717,535243,1
942686,1596284,3
942686,1594373,3
942686,921111,3
647776,383874,1
647776,486192,1
524899,1572355,1
524899,1632015,1
524899,327260,1
909924,955177,1
909924,921111,1
991845,676345,5
721520,596135,1
721520,1312575,1
721520,308661,1
721520,829860,1
721520,1174026,1
107128,658579,1
107128,1180896,1
107128,894978,1
107128,407633,1
107128,52673,1
107128,1506751,1
844409,522780,4
844409,1353272,4
844409,780681,4
844409,1106608,3
844409,961706,3
844409,411847,4
844409,1120791,2
844409,13982,4
844409,721954,3
754299,331391,1
754299,52673,1
754299,649308,1
754301,92426,3
754301,1338755,1
754301,391709,1
754301,1590368,1
754301,479903,1
1172095,2249,1
1172095,1644839,1
1172095,1211918,1
1172095,1022246,1
606852,1106615,1
606852,1348572,3
107143,1262548,2
107143,471301,3
107143,563144,3
107143,747182,3
107143,875341,3
107143,276394,3
107143,916523,3
107143,910910,3
107143,558929,1
107143,346993,1
107143,52538,3
107143,842401,2
107143,453937,2
107143,1014848,2
451209,812440,1
443024,1055993,2
443024,307990,2
443024,274794,3
443024,1098384,3
443024,910910,5
443024,471350,1
443024,551002,3
443024,1173339,2
443024,1604099,1
443024,80809,3
443024,462018,2
443024,970808,1
443024,186443,1
443024,78150,1
443024,563144,3
443024,747182,6
443024,850174,1
443024,1157474,2
443024,768963,2
443024,1272562,1
443024,910242,1
443024,1088800,2
443024,31302,3
443024,1255485,6
443024,1260670,1
443024,274233,1
443024,1262548,3
443024,924807,2
443024,431339,3
443024,1391604,1
443024,374767,3
443024,1201617,3
443024,276394,2
443024,1686278,2
443024,1028997,2
443024,617149,2
443024,490858,1
443024,933805,2
443024,346573,3
443024,467782,1
443024,617339,2
443024,941533,4
443024,587235,1
443024,130178,1
1098384,374767,3
1098384,431339,3
1098384,346573,3
1098384,551002,3
1098384,80809,3
1098384,31302,3
1098384,274794,3
754336,1650248,1
754336,945183,1
754336,391709,1
754336,1272562,1
254629,993876,1
254629,1632842,1
254629,395315,1
254629,1383796,1
254629,114671,1
1106608,394507,1
1106608,13982,3
1106608,780681,3
1106608,961706,3
1106608,421088,1
1106608,721954,3
1106608,1120791,2
1106608,1353272,3
1106608,1621976,1
1106608,414383,1
1106608,411847,3
1106608,522780,3
74418,174176,1
74418,519757,1
74418,1632846,1
74418,1404544,1
1106615,1348572,4
1532603,1166031,1
1532603,674784,1
1532603,578025,1
1532603,479773,1
1532603,1141392,1
1532603,1146117,3
1622730,1296045,1
1622730,1590368,1
1622730,892480,1
1622730,717431,1
1622730,791193,2
1622730,961057,1
1622730,1363641,2
1622730,292799,1
1622730,772395,1
1622730,173027,2
1622730,1551825,1
1622730,1535952,3
1622730,1282961,2
25307,467782,1
516831,1488390,1
516831,1201617,1
516831,95381,1
516831,327052,1
869092,1249872,1
869092,828254,1
500453,1700568,2
500453,1027597,1
500453,510171,2
1590006,799854,1
1590006,1200210,1
484089,1576968,1
484089,925471,1
484089,340197,1
819965,829280,1
819965,616986,1
819965,233684,1
819965,1256148,1
819965,1447156,2
819965,1264443,1
197380,648356,2
197380,1231858,1
197380,1669507,1
197380,955177,11
197380,1577302,1
426757,426762,1
426757,38558,1
426757,634500,1
426762,634500,1
426762,38558,1
1000216,1104681,1
1000216,4281,1
1000216,1263588,1
287512,1228620,1
287512,1650248,1
287512,273849,1
287512,280983,4
287512,1484773,6
287512,1210901,1
246554,346993,1
246554,558929,1
549659,629324,1
549659,915962,2
1540893,1632015,1
1540893,1623538,1
1540893,1151075,1
1540893,157233,1
246558,747182,1
860965,1257395,3
860965,210907,3
860965,752579,1
860965,1105608,2
860965,130178,2
860965,455439,1
860965,452511,1
860965,813692,3
860965,1199435,3
860965,1207705,3
1565480,780681,1
1565480,1151075,1
1565480,157233,1
1565480,916684,1
1565480,301976,1
467757,582533,1
1688381,585192,1
828222,982879,1
828222,750091,1
1590080,982879,1
1229638,1160999,1
467782,580031,2
467782,535243,1
467782,321727,1
467782,1353779,2
467782,14835,2
467782,1420754,1
467782,81172,1
467782,202517,1
467782,255959,1
467782,958113,1
467782,959628,1
467782,1582200,1
467782,1535952,2
467782,1610088,2
467782,25573,1
467782,914499,1
467782,392161,2
467782,56464,1
467782,1481761,3
467782,591564,1
467782,99735,1
467782,1167146,1
467782,191084,1
467782,955206,1
467782,51174,1
467782,474435,1
467782,910910,2
467782,1250488,1
467782,309320,1
467782,1055498,1
467782,486198,1
467782,1322482,3
467782,1157474,1
467782,1272562,1
467782,1568081,1
467782,491094,1
467782,573221,1
467782,563144,7
467782,486465,1
467782,1586776,1
467782,1336408,1
467782,7684,1
467782,448960,4
467782,1607088,1
467782,1209079,1
467782,551002,3
467782,747182,1
467782,93553,1
467782,813692,1
467782,1539187,2
467782,258819,1
467782,519003,1
467782,1523592,1
467782,179354,1
467782,1255005,1
467782,26340,3
467782,596135,2
467782,448810,2
467782,892480,2
467782,116492,1
467782,346573,4
410444,812244,1
410444,358450,2
410444,277302,2
410444,314160,1
123733,1535952,1
123733,1708017,1
123733,458183,1
123733,1481761,1
123733,349846,1
123733,1636011,1
123733,1263497,1
123733,535649,1
123733,1106990,1
123733,448960,1
828254,1249872,1
828255,1627249,2
1213282,479588,2
1213282,1674632,1
1213282,364977,1
1213282,1708463,4
1213282,747182,1
1213282,480168,1
1213282,174176,1
1213282,954889,2
1213282,431339,2
1213282,1043986,1
1213282,1668674,1
1213282,361701,1
1213282,1407000,1
1213282,56325,2
844644,269891,1
844644,379509,1
1426294,481587,1
1426294,1400689,1
131959,1100562,1
131959,1513110,1
131959,280493,1
1221501,1618604,1
1221501,1033747,1
1221501,60561,1
1688455,191139,1
1688455,991043,1
1057672,882302,1
1057672,589078,1
910242,1246704,15
910242,490858,28
910242,186443,10
910242,822803,1
910242,244431,12
910242,373299,2
910242,717431,1
910242,1604099,1
910242,1211978,1
910242,586037,5
910242,1686278,1
910242,274233,1
910242,813692,2
910242,124586,1
910242,31302,1
910242,126337,12
910242,202517,1
910242,15378,2
910242,1272562,1
910242,316731,1
910242,1217997,1
910242,194979,14
910242,628163,1
910242,397352,1
910242,130178,2
910242,1322351,1
910242,1259887,13
910242,617149,1
910242,130150,15
910242,1250488,4
910242,1260670,2
910242,190304,9
910242,1700072,1
910242,941533,1
910242,528742,1
164773,1289859,1
164773,444422,1
164773,1190677,1
164773,5836,1
164773,212874,1
336815,584845,1
66479,1262548,3
66479,863220,1
582577,812111,1
582577,1136416,2
582577,1259887,1
582577,1255084,1
582577,1250488,3
582577,991101,9
582577,354420,1
582577,179354,1
582577,179279,3
582577,528742,7
582577,1423563,1
582577,470722,1
582577,552764,1
582577,53618,1
582577,244431,6
582577,378997,1
582577,1200218,1
582577,186443,1
582577,1246704,6
582577,126337,4
582577,373299,1
582577,42308,1
582577,1482204,1
582577,1174026,1
582577,595726,3
582577,1505117,1
582577,645176,1
582577,331047,2
582577,1030937,1
582577,255959,1
582577,471301,3
582577,726643,3
582577,490858,1
582577,1201617,1
582577,1535083,1
132025,1060080,1
132025,1536579,1
1270718,850174,5
1270718,972222,1
852932,1127770,4
852932,1274065,1
852932,1401911,1
852932,338605,1
852932,1268943,1
1631177,1487835,2
1631177,1700072,1
1631177,1088800,1
1631177,1631182,1
1631177,648356,1
1631177,301403,1
1631177,1649672,1
811978,309699,2
1590221,1094175,1
1590221,872815,1
1590221,772395,1
1360851,1492117,1
1360851,1697595,1
1360851,79115,1
1360851,591286,1
1262548,1354412,1
1262548,179279,8
1262548,244543,2
1262548,921111,1
1262548,841019,1
1262548,842401,2
1262548,535243,1
1262548,331047,1
1262548,1511564,1
1262548,1594841,1
1262548,1272562,2
1262548,1055993,2
1262548,1700072,2
1262548,1014848,2
1262548,829860,1
1262548,1088800,3
1262548,1151075,1
1262548,1460310,1
1262548,433686,2
1262548,1649672,1
1262548,715820,1
1262548,1091809,2
1262548,453937,2
1262548,1228782,1
1262548,391709,1
1262548,1398858,1
1262548,1682255,1
1262548,974713,1
1262548,561260,1
1262548,1539187,4
1262548,1010178,1
1262548,1022246,1
1262548,772395,1
1262548,52673,2
1262548,52538,2
1262548,307990,2
1262548,431339,4
1262548,1423563,2
361427,1571947,1
361427,86208,1
361427,1676465,2
361427,249757,1
787415,1460310,1
730082,1423563,2
173027,892480,1
173027,1535952,1
173027,772395,1
25573,1523592,1
25573,491094,1
680933,174556,1
74733,977712,1
410611,1487137,1
410611,834284,1
115700,194977,1
590846,1620997,5
590846,1656699,1
558082,1662420,1
558082,192560,1
1500165,1505117,5
1500165,1313648,1
803848,1174026,2
754701,331047,1
754701,392181,1
58391,309699,1
689179,991043,1
689179,1272562,1
689179,1700072,1
689179,264587,1
689179,346573,1
689179,772395,1
689179,829860,1
689179,331047,1
1254431,1419358,1
1254431,346993,1
1254431,293380,1
1254431,1199221,1
721954,1120791,2
721954,1353272,3
721954,1129143,1
721954,522780,3
721954,961706,3
721954,13982,3
721954,780681,3
721954,479068,2
721954,1316063,2
721954,411847,3
681001,31302,1
681001,1212385,1
1106990,458183,1
1106990,349846,1
1106990,1535952,1
1106990,1708017,1
1106990,1636011,1
1106990,535649,1
74805,34102,1
74805,1189449,1
1401911,338605,1
1401911,1274065,1
1180741,1705773,1
1180741,842401,3
1180741,977489,2
1573963,1430431,2
1573963,96050,2
812111,354420,1
812111,991101,1
214101,946877,1
214101,520031,2
1336408,914499,1
1590368,92426,2
1590368,292799,1
1590368,479903,1
1590368,1563993,1
1590368,1650248,1
1590368,1338755,1
1590368,186443,1
1590368,174176,1
1590368,1551825,1
1590368,1209079,2
648291,1527310,1
648291,349719,1
1246311,1263588,1
1246311,1535719,1
386160,1467644,1
386160,993876,1
885877,1201617,1
885877,1353779,1
885877,838224,1
1066102,528742,1
1516661,757614,1
1516661,397352,1
1516661,989923,1
1582200,1263497,1
1582200,1255005,1
1582200,130178,1
1582200,448960,1
1582200,773918,1
1582200,1481761,1
1582200,51174,2
320635,337859,1
320635,1412562,2
320635,1224694,1
320635,481587,2
320635,1659293,1
320635,1120534,2
320635,1120300,1
320635,1373505,2
320635,573215,2
320635,1200210,1
959628,474435,1
959628,321727,1
959628,1167146,1
1500304,1256148,1
1500304,1616521,2
1344659,334053,1
1344659,723460,1
1344659,1675707,1
1385621,645694,1
1385621,2087,1
1385621,1129504,1
1385621,676801,1
1492117,1697595,1
1492117,591286,1
1492117,79115,1
1582231,1091809,1
1582231,1312575,10
1582231,338605,4
1582231,1691205,1
1107102,1192281,1
967844,928647,2
967844,1646064,1
967844,1646424,1
967844,961179,3
967844,1547414,1
967844,1481761,1
648356,1669507,3
648356,833744,1
648356,1175472,1
648356,322073,1
648356,1577302,2
648356,1649672,1
648356,228653,2
648356,1619084,1
648356,612714,1
648356,451927,1
648356,1129504,1
648356,301403,1
648356,1700568,3
877734,423940,4
877734,1426992,1
877734,364739,3
877734,1036060,4
877734,931845,1
877734,476648,1
877734,1561708,1
877734,604371,3
484531,495864,1
484531,381057,1
484531,1014848,1
484531,1482204,1
484531,52673,1
779445,495134,1
779445,1061868,2
42172,1578709,2
42172,1600099,2
42172,1198370,2
877759,1634514,1
877759,521934,1
877759,1649672,1
574655,244431,1
574655,292846,1
574655,1535083,1
1352904,52673,1
1352904,1658892,1
1352904,517580,1
1352904,1616693,4
1352904,1700072,2
1352904,740677,1
1352904,1071670,1
1352904,1628620,2
812244,314160,1
812244,277302,1
812244,358450,1
812244,1460309,1
812244,244543,1
1156317,31302,1
1156317,755555,1
1156317,948118,1
1180896,12468,1
1180896,407633,1
1180896,894978,1
1180896,109448,1
1180896,643527,2
1180896,658579,1
1180896,1673783,1
1180896,52673,1
1180896,1506751,1
1180896,330279,1
50401,1370472,1
50401,361778,1
50401,280983,1
361701,56325,1
361701,95381,1
361701,479588,1
361701,1708463,1
361701,354826,1
222438,781858,2
222438,51487,1
1197287,879928,1
1197287,266894,1
1197287,1378020,1
1197287,1193837,1
1197287,972342,1
1705192,1585666,2
1705192,1487835,2
1705192,617149,2
1705192,1231858,2
1705192,1649672,2
1705192,1201617,2
1705192,1322351,2
1705192,289332,2
1705192,1650248,2
1705192,373299,2
304360,1022246,2
1467644,993876,1
804093,1149956,1
804093,154798,2
804093,314388,1
804093,700758,2
771336,728764,1
771336,408035,1
771336,538061,1
394507,414383,1
861470,780681,1
861470,1151075,1
861470,1318421,1
861470,1088800,2
861470,1539187,2
1197346,865728,1
1197346,956297,1
1197346,731784,1
312619,708510,1
312619,784566,1
312619,1481761,1
361778,791464,1
361778,280983,2
361778,1175063,1
361778,1370472,1
156979,955206,3
156979,551653,3
1557813,146007,2
34102,1189449,1
1623353,151059,1
58682,1287648,1
58682,331047,1
58682,157233,1
1533242,1460309,1
1549628,596135,1
656706,685337,1
656706,566602,1
656706,661671,1
656706,666081,2
656706,1690019,2
288066,235285,1
288066,1635526,1
288066,275311,1
288066,233603,1
42308,1091809,1
42308,1211978,8
42308,1440779,1
42308,924807,1
42308,338605,1
42308,991101,1
42308,23175,1
42308,1686278,5
42308,921111,7
42308,740913,1
42308,470722,1
42308,1272562,2
42308,391709,1
566602,685337,1
566602,1690019,1
566602,666081,1
566602,661671,1
1287500,15458,1
1287500,1695720,1
1287500,333986,1
1287500,331126,3
1287500,1705773,1
1287500,1085706,3
1287500,1211978,1
1287500,1332287,2
1287500,1201617,1
1287500,518350,2
1287500,73542,7
1705294,1711320,1
1705294,1579608,1
1705294,1519859,1
1705294,144246,1
451927,228653,1
1361246,1358281,1
247144,1616693,1
247144,570910,1
1598825,1201617,1
1598825,1158890,1
1598825,435763,1
566633,1595314,1
566633,349719,1
1262960,157233,1
1697147,850174,1
1172860,422072,1
1172860,1263739,1
1172860,830325,1
1639812,1473532,1
99716,1484773,1
99716,397352,1
99716,1461541,4
99716,1022582,3
1205642,558929,5
1672598,1586776,1
1672598,1166595,1
1672598,462018,2
1672598,468507,1
99735,1628620,1
99735,1272562,1
99735,513442,1
99735,1650248,1
99735,1430431,1
99735,617149,1
812440,1347381,1
812440,391655,1
812440,490149,1
812440,538061,1
812440,1151583,1
812440,1099809,1
1680799,628086,2
1680799,547963,2
1607088,1610088,1
1631669,747478,1
165302,653701,1
591286,79115,1
591286,1697595,1
353726,1109463,2
353726,1656699,1
353726,367336,1
353726,641235,1
157120,1674632,1
157120,1001240,1
517580,1700072,1
517580,1628620,1
615884,946877,1
615884,1699781,1
435663,253881,2
435663,584845,2
1238491,629534,1
1287648,331047,1
1287648,157233,1
1615329,1174026,1
476648,604371,1
476648,1561708,1
476648,1036060,1
476648,423940,1
533994,1174026,1
533994,519003,1
533994,1342727,1
533994,1441762,1
533994,225752,1
533994,1014848,1
533994,1317376,1
533994,250501,1
533994,1535719,1
337387,86255,1
337387,920795,1
337387,945028,1
337387,750523,1
1345005,1706905,1
1345005,1201504,1
1345005,659309,1
1345005,424467,1
1345005,358036,1
501230,1163068,2
501230,1001796,2
501230,1646058,2
501230,268106,2
796143,765414,1
796143,1646424,1
1246704,1259887,10
1246704,1706811,1
1246704,1201617,1
1246704,194979,10
1246704,186443,1
1246704,1001910,1
1246704,1535083,1
1246704,126337,13
1246704,1136416,1
1246704,1250488,3
1246704,490858,13
1246704,130150,14
1246704,331547,2
1246704,586037,1
1246704,495722,1
1246704,1372996,2
1246704,957948,1
1246704,528742,2
1246704,244431,5
1623538,925471,2
1623538,1104560,5
1623538,1151075,6
1623538,930598,1
1623538,1616693,10
1623538,826409,1
1623538,1055498,4
1623538,649308,1
1623538,495864,5
1623538,368449,1
1623538,52673,2
1623538,591961,2
1623538,244543,1
1623538,232130,2
1623538,1088800,1
1623538,157233,4
1623538,486710,5
1623538,1265361,2
1623538,1363641,5
1623538,1666135,1
1623538,1632015,4
1623538,1353779,1
746999,1119559,1
746999,319263,1
755197,945716,1
755197,629534,1
755197,756696,1
476673,487519,1
476673,1010968,1
476673,1629832,1
1607170,316569,1
1607170,1669126,1
1607170,1426992,2
1607170,1039904,1
1607170,72936,1
1607170,1228752,1
1607170,1151938,1
1607170,1454702,1
1607170,889090,3
1607170,1079875,1
1607170,747182,2
1607170,931845,4
1607172,1454702,1
1607172,294501,1
1607172,1079875,1
1607172,72936,1
1607172,1228752,1
1607172,1039904,1
1607172,316569,1
1033747,1618604,1
1033747,60561,1
468507,462018,1
468507,1166595,1
468507,1586776,1
476702,1481761,1
476702,1143860,1
476702,1201617,1
476702,1391604,1
435744,1249902,1
435744,1050165,2
1148451,1395859,1
1222180,772448,1
1426992,604371,1
1426992,931845,1
1426992,1036060,1
1426992,423940,1
1426992,1151938,1
1426992,364739,1
157233,1099702,1
157233,368449,4
157233,1512296,1
157233,362655,1
157233,780681,1
157233,1088800,5
157233,1265361,4
157233,331047,1
157233,1670519,1
157233,464375,1
157233,1151075,18
157233,925471,6
157233,264044,1
157233,301976,1
157233,411847,1
157233,1616693,1
157233,1632015,2
157233,37053,1
157233,916684,1
1574448,591690,1
435763,1158890,1
435763,1201617,1
1050165,1160999,2
1050165,1174080,1
1050165,1535952,1
1050165,1249902,2
1353272,780681,4
1353272,961706,3
1353272,375329,1
1353272,522780,4
1353272,850656,3
1353272,411847,4
1353272,13982,4
1353272,1120791,2
910910,1322482,4
910910,1632846,1
910910,551002,3
910910,462018,1
910910,578556,1
910910,397041,1
910910,471301,3
910910,1420754,2
910910,346573,2
910910,875341,3
910910,563144,14
910910,381745,2
910910,307990,2
910910,26340,4
910910,1272562,1
910910,362655,1
910910,1513110,1
910910,374767,2
910910,772395,1
910910,617339,4
910910,276394,3
910910,933805,2
910910,747182,12
910910,1682255,5
910910,80809,1
910910,916523,3
1189449,309699,2
632394,1060080,1
632394,649539,1
1476173,1700428,3
1631832,1699781,1
1631832,338605,1
1631832,1535952,1
231002,486710,1
231002,502770,1
231002,1700428,1
427612,863531,1
427612,850174,1
1255005,774887,1
1255005,641292,1
1255005,563896,1
1255005,1095926,1
1255005,1160307,2
1255005,573221,1
1255005,755397,1
1255005,1174026,1
1255005,1201617,1
1255005,272501,6
1255005,1055498,1
1255005,1481761,6
1255005,813692,1
1255005,1629658,2
1255005,882303,1
1255005,1094175,1
1255005,1666862,1
1255005,882318,1
1255005,882302,1
1255005,1037989,1
1255005,841916,1
1255005,391709,1
1255005,392161,1
1255005,892480,1
1255005,130178,1
1255005,51174,2
1255005,1315729,1
1615453,753478,1
1615453,334053,1
1615453,617284,1
763488,69595,1
992870,1306273,1
992870,392161,1
992870,412261,1
992870,1512894,1
1263208,1329495,1
1263208,1228620,1
1263208,1484773,1
394857,1585232,1
394857,563012,1
1091182,1708463,1
1091182,1001240,2
1336963,850656,1
1336963,86208,1
1336963,822803,2
566922,724072,1
1050261,452414,1
1050261,1174026,1
1640085,331047,1
1042069,472143,1
1042069,907115,2
902810,1241377,1
902810,349719,1
525988,752374,1
525988,1662420,1
124586,813692,1
124586,586037,1
124586,1682446,1
124586,543241,1
124586,194979,1
1255084,528742,1
1296045,717431,1
1296045,961057,1
747182,307990,4
747182,130178,1
747182,1407000,2
747182,261654,3
747182,1353779,1
747182,1211978,1
747182,391709,1
747182,813692,1
747182,1682255,5
747182,1601697,1
747182,1364804,1
747182,916523,3
747182,889090,5
747182,1337851,1
747182,374767,2
747182,448960,1
747182,1209079,1
747182,792197,2
747182,10892,1
747182,1481761,1
747182,1588480,1
747182,276394,3
747182,772395,1
747182,1391604,1
747182,875341,3
747182,933805,2
747182,535183,1
747182,1231858,1
747182,1055498,1
747182,1322482,2
747182,471301,3
747182,628163,1
747182,1420754,3
747182,490858,1
747182,617339,4
747182,563144,9
747182,487243,1
517824,71482,2
517824,925471,1
517824,256423,1
755397,1481761,1
755397,1174026,1
755397,841916,1
755397,573221,1
747210,774887,1
452299,551002,1
591564,1322482,1
591564,563144,2
591564,1586776,1
591564,551002,1
591564,1391604,2
272098,108474,1
272098,1348572,1
272098,122101,1
26340,1272562,1
26340,80809,1
26340,202517,1
26340,297109,1
26340,130178,1
26340,346573,2
26340,578556,2
26340,486465,2
26340,563144,10
26340,1322482,4
26340,251510,1
26340,397041,1
1378020,1193837,1
1378020,879928,1
1378020,972342,1
345830,1554127,1
345830,1060409,1
345830,331047,1
1550055,207364,1
329455,864200,1
329456,817244,1
329456,1100562,1
329456,280493,1
329456,1513110,1
1648374,1420754,2
984830,253881,1
116492,56464,1
1632015,834284,3
1632015,1265361,1
1632015,1505117,1
1632015,1151075,4
1632015,1104560,2
1632015,1363641,3
1632015,1572355,1
1632015,327260,1
1632015,1616693,1
1632015,1628985,1
1632015,1231236,1
1632015,1112958,1
1632015,274669,1
1632015,1353779,2
1632015,1223761,1
1632015,232130,2
1632015,301976,1
1632015,817244,1
1632015,993249,1
1632015,591961,2
1632015,503043,1
1001240,60561,2
1001240,1708463,1
1001240,965836,1
1001240,977011,2
1001240,946407,1
1001240,1669126,1
1001240,1674632,1
1001240,792441,2
1001240,751320,1
689951,948118,4
689951,813692,1
689951,130178,2
689951,1199935,1
689951,1703051,1
689951,767552,2
689951,892480,1
689951,1538119,1
689951,957948,1
689951,1391604,1
689951,1481761,3
689951,134733,2
689951,1322351,1
689951,31302,4
689951,422072,4
689951,1201617,1
902943,307665,1
902943,1060080,1
902943,264587,1
902943,1394466,1
1296162,946452,1
1296162,1510479,1
1296162,1042559,3
1394466,1060080,1
1394466,264587,1
1394466,307665,1
1705773,15458,1
1705773,326189,1
1705773,842401,1
1697595,79115,1
1697595,993249,17
1697595,538021,1
452414,892480,1
452414,1201617,1
452414,1014067,2
1312575,1174026,1
1312575,829860,1
1312575,73542,1
1312575,1151475,1
1312575,338605,6
821055,1489596,1
591690,1550804,1
591690,544088,1
591690,626584,1
591690,261763,1
591690,1636248,3
591690,1274599,1
591690,130178,1
1705807,1231858,1
1705807,373299,1
1705807,617149,1
1705807,1649672,1
1705807,1650248,1
1394512,679823,1
558929,826409,1
558929,331047,1
558929,507653,4
558929,346993,5
558929,261721,1
558929,1158984,2
558929,1580093,1
558929,415169,1
558929,1395859,1
558929,1505117,1
1353560,1183293,3
1353560,1616693,1
1173339,941533,2
1173339,1255485,2
1173339,768963,2
460638,331608,1
190304,310628,1
190304,186443,8
190304,244431,7
190304,1257402,1
190304,726173,1
190304,490858,7
190304,586037,5
829280,1264443,1
829280,1447156,1
755555,1127149,3
755555,398780,6
755555,712411,1
755555,1248338,7
755555,564883,10
755555,1322311,1
755555,244543,1
755555,1512731,5
755555,391638,1
755555,948118,1
755555,31302,1
755555,1652221,1
264044,1099702,1
264044,362655,1
264044,1512296,1
264044,37053,1
452466,1338338,1
452466,596135,1
894840,1511564,1
1656697,797918,3
1517434,1617010,2
1517434,1290139,2
1656699,367336,1
1656699,1620997,2
747395,1620997,2
747395,1157824,1
747395,79610,1
288648,331047,1
288648,382168,1
288648,1505117,1
1263497,604097,1
1263497,863220,1
1263497,207364,1
1263497,1353779,1
1263497,130178,3
1263497,601186,1
1263497,331047,1
1263497,1174026,1
1263497,1481761,1
1263497,471350,1
1263497,448960,1
1263497,731766,1
1263497,1682446,1
1263497,392161,1
1263497,1240154,1
1263497,773918,1
1263497,528742,1
1263497,1537555,1
1263497,596135,3
1263497,1088800,1
1263497,51174,1
1492875,327473,1
452511,1257395,2
452511,210907,2
452511,1496739,1
452511,455439,2
452511,813692,2
452511,1207705,2
452511,1199435,2
837545,925471,1
837545,1446240,1
837545,449776,1
280493,1513110,2
280493,1100562,1
1656750,1538072,1
1099702,37053,1
1099702,362655,1
1099702,1512296,1
1263546,224304,1
1263546,520855,1
1263546,1214883,1
108474,122101,1
108474,1348572,1
337859,1659293,1
337859,1224694,1
255959,346573,1
255959,726643,2
255959,471301,1
255959,1157474,1
255959,991101,1
526297,415828,1
829407,2087,2
829407,1170305,2
829407,437269,2
993249,1363641,1
993249,1112958,1
993249,1481761,1
993249,1255485,1
993249,1391604,1
993249,817244,3
993249,1353779,1
993249,772395,1
1091554,1538119,3
1263588,535243,1
1263588,1104681,1
1263588,1693697,1
1263588,4281,1
1263588,1535719,1
1263588,748557,1
1263588,1544258,1
1263588,652367,1
1484773,1462523,1
1484773,808612,1
1484773,1329495,3
1484773,1054184,1
1484773,1210901,1
1484773,1228620,4
1484773,397352,3
1484773,280983,4
1484773,1435715,1
1484773,342819,1
1484773,881265,2
1484773,1289589,1
51174,448960,2
51174,1201617,1
51174,603734,1
51174,130178,1
51174,1535952,1
51174,773918,1
51174,1669126,1
51174,1094175,1
51174,1481761,1
1140710,1447109,1
1640426,1187317,1
1640426,411907,1
1640426,947230,1
1640426,1496916,1
1640426,1659362,1
1640426,692760,1
1640426,266662,1
1640426,619106,1
1640426,1174648,1
1640426,945620,1
1640426,293598,1
1640426,1659246,1
1640426,1195640,1
714749,250763,1
714749,993358,1
714749,1538119,1
714749,658455,1
1230846,1411964,1
1230846,551653,1
1230846,1391033,1
894978,1506751,1
894978,52673,1
894978,407633,1
894978,658579,1
444422,212874,1
444422,1330769,1
444422,1168540,1
444422,1190677,1
444422,1289859,1
444422,5836,1
1427467,1535742,2
1427467,1323602,1
2087,903617,1
2087,1309681,1
2087,437269,2
2087,645694,1
2087,1129504,2
2087,676801,1
2087,833744,1
2087,1170305,2
2087,1669507,1
780332,350248,2
780332,210907,2
985132,264587,1
985132,340446,2
149554,502770,1
1353779,1231236,1
1353779,667010,1
1353779,838224,1
1353779,1112958,1
1353779,1666135,1
1353779,617339,3
1353779,1539187,2
1353779,52673,1
1353779,1174026,1
1353779,210907,1
1353779,331047,1
1353779,1151075,1
1353779,1650248,1
1353779,551002,2
1353779,925471,1
1353779,1420754,1
1353779,1577368,4
1353779,1201617,2
1353779,1249902,1
1353779,826409,1
1353779,1363641,8
1353779,1616693,1
1353779,596135,3
1353779,649308,1
1353779,130178,1
1353779,495864,1
1353779,892480,2
1353779,1481761,2
1353779,817244,2
395315,114671,1
395315,1383796,1
395315,993876,1
395315,1632842,1
469045,1682446,1
469045,1620997,1
469045,79610,1
305206,1174026,1
305206,354497,1
1271862,629534,2
1255485,1662938,1
1255485,1391604,1
1255485,174176,1
1255485,768963,2
1255485,1011403,3
1255485,1446494,1
1255485,941533,3
1255485,1481761,1
1255485,1201617,1
1255485,850174,1
1435715,1054184,2
1435715,1289589,2
1435715,1462523,2
1435715,1419607,1
993358,1538119,1
993358,250763,1
993358,658455,1
960591,785390,1
960591,1570697,1
960591,362655,1
960591,1616049,1
1460309,5926,1
1460309,244543,1
1460309,617166,1
1460310,1272562,1
591961,232130,2
591961,1104560,2
591961,1616693,1
591961,1151075,2
551002,1322482,1
551002,1586776,2
551002,1231858,1
551002,411907,1
551002,1201617,1
551002,31302,4
551002,244431,1
551002,431339,6
551002,563144,6
551002,383673,2
551002,80809,3
551002,596135,2
551002,86255,2
551002,346573,4
551002,274794,3
551002,1539187,2
551002,374767,3
551002,892480,2
551002,552764,1
551002,528742,1
551002,955177,1
551002,865868,1
649308,925471,1
649308,1014848,1
649308,56325,1
649308,55203,1
649308,52673,2
649308,1151075,1
649308,1616693,1
649308,495864,1
649308,817244,1
649308,826409,1
649308,1363641,3
649308,1666135,1
649308,331391,1
649308,354826,1
1419358,1199221,1
1419358,293380,1
1419358,346993,1
174176,1136143,1
174176,1674632,1
174176,1209079,1
174176,1593113,1
174176,179354,1
796777,52538,1
370798,392161,1
370798,596135,3
370798,1318421,2
370798,1658892,1
370798,179279,1
370798,1151075,3
977011,751320,1
977011,965836,1
977011,946407,1
354420,991101,1
272501,882302,1
272501,1535952,1
272501,1481761,2
272501,1629658,2
272501,563896,1
272501,641292,1
272501,1160307,2
272501,1234095,1
272501,813692,1
272501,1095926,1
272501,1666862,2
272501,1551825,1
272501,882318,1
272501,882303,1
272501,1105608,1
378997,331047,1
378997,1030937,1
378997,1505117,1
378997,1526380,2
51317,990407,1
51317,547963,1
51317,69595,1
1263739,830325,2
272532,307990,6
272532,1314276,1
272532,1682255,8
297109,1447290,1
297109,563144,1
297109,1141392,1
297109,1501347,3
362655,744505,1
362655,741484,1
362655,37053,1
362655,381745,1
362655,1513110,1
362655,1512296,1
362655,420116,1
362655,274794,1
362655,1570697,1
362655,1616049,1
362655,785390,1
362655,1482204,1
780450,128031,1
780450,1414355,1
780450,1666135,1
780450,52673,1
780450,364944,1
780450,1520446,1
1501347,1627249,1
1501347,1447290,1
1501347,1141392,1
125098,799632,4
125098,1347774,1
125098,174556,4
1616049,1570697,1
1616049,785390,1
592054,395882,1
592054,1055993,2
321727,474435,1
321727,1167146,1
354497,1174026,1
411847,961706,3
411847,464375,1
411847,13982,4
411847,1151075,2
411847,780681,5
411847,1120791,2
411847,522780,4
2249,1211918,1
2249,1644839,1
2249,1022246,1
518350,73542,2
518350,391709,2
1280207,616986,1
510171,1700568,2
510171,1027597,1
1091809,921111,1
1091809,1440779,1
1091809,745448,1
1091809,1708463,1
1091809,179279,1
1091809,1088800,2
1091809,21203,1
1091809,924807,5
1091809,1691205,1
1091809,268639,1
1091809,679823,1
1640680,1674632,4
411907,1174648,1
411907,692760,2
411907,619106,1
411907,1659246,1
411907,1659362,1
411907,293598,2
411907,947230,2
411907,1496916,3
411907,666081,1
411907,266662,2
411907,1195640,4
411907,415185,1
411907,1256109,1
411907,1403661,1
411907,1187317,1
411907,945620,1
1321225,813692,1
1321225,1097406,1
92426,338605,1
92426,391709,2
1313035,881265,1
641292,1481761,1
641292,1160307,1
420116,307286,1
1173790,1513110,1
1198370,1600099,2
1198370,1578709,2
1173800,1260670,2
772395,1272562,5
772395,715820,2
772395,519757,1
772395,1535952,3
772395,1211978,1
772395,965230,1
772395,1700072,2
772395,829860,3
772395,331047,1
772395,333986,1
772395,249737,2
772395,346573,1
772395,864200,1
772395,817244,1
772395,921111,1
772395,1616693,1
772395,1094175,3
772395,872815,3
772395,991043,1
1100095,334053,1
1100095,531490,1
1100095,723460,3
649539,1060080,1
436547,1298463,2
1001796,1163068,2
1001796,268106,2
1001796,1646058,2
305489,1095793,1
305489,1060965,1
305489,264587,1
1329495,373299,3
1329495,1228620,3
1329495,808612,1
1329495,397352,3
1419607,1054184,1
1419607,1462523,1
1419607,1289589,1
1460572,1514284,1
207198,799632,3
772448,486710,1
772448,769241,2
772448,1060080,1
772448,667004,2
772448,728070,1
772448,1060965,3
772448,23437,2
1157474,276394,2
1157474,587235,1
1157474,1028997,2
1157474,346573,1
395620,1400665,1
395620,1400383,1
395620,1257411,1
395620,1105608,1
1214824,1674632,1
1370472,280983,1
1198451,498114,1
1272180,908217,1
1272180,740902,1
1272180,740913,4
1583484,531187,1
1231236,1363641,2
1231236,1088800,1
780681,961706,3
780681,1167024,1
780681,522780,4
780681,1151075,2
780681,208622,1
780681,13982,4
780681,1120791,2
780681,594709,1
780681,1088800,1
780681,301976,1
780681,1486940,1
780681,916684,1
1452426,617339,1
1452426,1389110,1
1452426,865728,1
264587,1060965,1
264587,1055993,1
264587,557020,2
264587,1060080,1
264587,1095793,1
264587,502770,3
264587,307665,1
264587,1006674,1
264587,1210630,18
264587,294757,1
264587,781858,3
1223056,495134,2
1223056,1482304,1
1223056,94568,1
1223056,1646450,1
84371,1322351,1
84371,1650248,1
84371,1405236,1
280983,1175063,2
280983,791464,2
280983,1348572,1
280983,1210901,1
51613,52673,1
51613,1088800,1
1354147,392161,1
829860,416645,2
829860,1588480,7
829860,581542,2
829860,1272562,3
829860,1700072,3
829860,331047,1
829860,991043,4
829860,1174026,1
829860,346573,1
829860,596135,1
829860,965230,1
829860,928804,1
1690019,390471,1
1690019,991101,1
1690019,661671,1
1690019,666081,2
1690019,685337,1
1690019,60127,1
1214883,224304,1
1214883,520855,1
256423,71482,1
256423,925471,1
633265,421088,5
625075,364969,1
1001910,1597381,1
1001910,1679140,1
1001910,392161,1
1001910,1685698,7
903617,1309681,1
903617,833744,1
346573,580031,1
346573,14835,1
346573,1551825,1
346573,309699,8
346573,274794,3
346573,31302,3
346573,1272562,2
346573,1700072,1
346573,563144,5
346573,1322482,1
346573,1322351,1
346573,331047,1
346573,80809,4
346573,374767,3
346573,431339,6
1550804,1534845,1
1550804,1371644,1
1550804,1087539,1
1550804,544088,3
1010133,146007,1
174556,1700568,1
174556,396729,1
174556,266894,1
174556,799632,9
174556,1347774,2
666081,661671,1
666081,685337,1
813537,96050,1
813537,1322180,2
813537,941533,2
1337851,1364804,7
1337851,629534,1
1681916,928647,4
1681916,544489,1
1681916,1314982,2
1010178,1646063,1
1010178,1316493,1
1010178,535243,1
1010178,1682255,1
1010178,865728,4
207364,731766,2
207364,179354,1
723460,334053,1
723460,1675707,3
543241,586037,1
1174026,1535719,2
1174026,31302,2
1174026,266894,1
1174026,1481761,2
1174026,528742,2
1174026,1355108,1
1174026,645176,1
1174026,1201617,1
1174026,47049,4
1174026,186443,2
1174026,40605,3
1174026,1551825,9
1174026,1342727,1
1174026,841916,1
1174026,1250488,2
1174026,470722,2
1174026,53618,1
1174026,519003,1
1174026,486710,1
1174026,1430431,10
1174026,928576,1
1174026,258819,2
1174026,391709,1
1174026,813692,2
1174026,1272562,3
1174026,767552,1
1174026,859321,1
1174026,653701,4
1174026,331047,2
1174026,331126,2
1174026,45374,2
1174026,225752,1
1174026,308242,1
1174026,1700568,1
1174026,1103727,2
1174026,596135,4
1174026,921111,2
1174026,486198,2
1174026,573221,2
1174026,1635790,1
1174026,1645475,1
1174026,179279,3
1174026,422072,2
1174026,244543,1
1174026,244431,2
1174026,1626644,4
1174026,126337,2
1174026,1182605,2
1174026,130178,3
1174026,162130,2
1174026,1610894,1
1174026,1441762,1
1174026,1317376,1
1174026,660305,1
1174026,1014848,1
1174026,1318421,1
1174026,1256148,2
1174026,250501,1
354826,56325,3
354826,1700072,1
354826,95381,1
354826,1708463,2
920088,1301010,1
322073,833744,1
322073,1175472,1
616986,982879,1
616986,1355596,1
616986,158278,1
616986,290929,1
616986,422741,1
616986,1235043,1
616986,1318565,1
616986,1095039,1
616986,1447156,1
961057,717431,1
657953,1703885,1
657953,1324693,1
657953,1700428,1
330279,109448,1
330279,12468,1
330279,1673783,1
993841,863220,2
289332,1585666,2
289332,1231858,2
289332,373299,2
289332,617149,2
289332,1650248,2
289332,1649672,2
289332,1201617,2
289332,1487835,2
289332,1322351,2
1673783,109448,1
1673783,12468,1
1174080,569658,1
1174080,1095926,1
1174080,1160999,2
1174080,813692,1
1174080,1535952,1
1174080,1343349,1
1174080,64684,1
1174080,617958,1
158278,1415740,1
158278,1187734,1
158278,36711,1
158278,982879,1
68168,930900,2
1632842,1383796,1
1632842,993876,1
1632842,1088800,1
1632842,1577982,1
1632842,114671,1
1632842,274794,1
1632846,186443,1
1632846,1306745,1
1632846,547963,1
1632846,923108,1
1632846,1151075,1
1632846,69595,1
1632846,519757,1
1632846,1404544,1
838224,1201617,1
977489,842401,3
993876,1383796,1
993876,1358281,1
993876,114671,1
1600099,1578709,2
1600099,1088800,2
412261,1306273,1
412261,1512894,1
412261,392161,1
27241,391709,2
191084,1105608,1
191084,813692,2
191084,1259659,1
191084,470722,1
191084,52673,1
191084,617958,1
191084,1059466,1
191084,1166251,1
207471,1669507,2
207471,193471,1
207471,1282770,1
207471,1250793,1
207471,1129504,1
1518193,581542,1
1518193,1006674,1
379509,1265361,1
379509,269891,1
379509,1170818,2
379509,52673,1
731766,179354,1
813692,1207705,6
813692,596135,2
813692,1391604,1
813692,551653,2
813692,210907,7
813692,1021644,1
813692,1650248,1
813692,31302,3
813692,1097406,1
813692,1256148,1
813692,1257395,9
813692,1348723,1
813692,1234728,1
813692,455439,4
813692,212682,1
813692,774887,1
813692,1105608,3
813692,1496739,1
813692,179279,1
813692,957948,6
813692,1199435,5
813692,391709,1
813692,717431,2
813692,977712,1
813692,194979,2
813692,1481761,4
813692,307990,1
813692,865868,1
813692,535243,1
813692,1551825,1
813692,244431,3
1206919,551653,3
1206919,768793,3
731784,865728,1
731784,956297,1
1059466,1244388,1
1059466,266894,2
1059466,1170494,2
1059466,759178,1
1059466,45543,1
1059466,1216298,2
1059466,1045635,2
1059466,617958,3
715399,327473,1
715399,744505,1
535183,1391351,2
535183,930900,5
535183,261654,1
535183,1650248,1
535183,226025,1
535183,1136143,1
1141392,578025,2
1141392,674784,3
1141392,1166031,4
1141392,1146117,1
1141392,555692,1
1141392,479773,1
961179,1084998,1
961179,1646064,1
961179,1547414,1
527005,381745,1
527005,1513110,1
527005,594111,1
191139,991043,1
494247,1322482,1
1354412,1539187,1
1354412,1022246,1
1354412,210499,1
338605,315728,1
338605,740913,1
338605,1274065,1
338605,826409,1
338605,1535952,3
338605,1534652,3
338605,391709,7
338605,1699781,1
338605,73542,4
338605,1079085,1
338605,1332287,4
338605,1700072,1
338605,178438,1
338605,294432,4
1256109,1496916,1
1256109,1195640,1
617149,1628620,1
617149,736233,1
617149,1430431,1
617149,179279,1
617149,1649672,3
617149,930452,1
617149,1585666,2
617149,1650248,4
617149,1231858,3
617149,15378,2
617149,1201617,5
617149,1322351,2
617149,1088800,3
617149,397352,1
617149,1487835,2
617149,930558,1
617149,768963,1
617149,373299,4
617149,879676,2
617149,1272562,1
617149,490858,1
1157824,1620997,1
1157824,79610,1
232130,274794,1
232130,1169229,1
232130,1104560,3
232130,1538119,1
232130,1616693,1
232130,1151075,2
232130,368449,1
232130,810097,1
535243,81172,1
535243,1256148,1
535243,1505117,1
535243,1481761,2
535243,865868,1
535243,1095926,1
535243,244543,2
535243,93553,1
535243,1682255,1
1166031,578025,1
1166031,479773,1
1166031,674784,3
1166031,1146117,1
1166031,555692,1
1256148,1700072,1
1256148,865868,1
1256148,1505117,1
1256148,1374727,2
1256148,1535952,1
1256148,261654,1
1256148,244543,1
60127,390471,1
60127,891895,1
60127,1064185,1
1673951,1060080,2
1673951,1701385,4
1673951,3282,1
551653,31302,1
551653,596135,1
551653,955206,6
551653,1593113,2
551653,422072,1
551653,977712,1
551653,1391033,1
551653,768793,5
551653,1411964,1
273136,168134,1
273136,881679,1
273136,1175018,2
273136,991043,2
273136,695229,1
1272562,1055993,2
1272562,1700072,2
1272562,1628620,1
1272562,130178,1
1272562,945183,1
1272562,1650248,2
1272562,331608,1
1272562,331126,2
1272562,331047,2
1272562,202517,1
1272562,470722,2
1272562,1260670,1
1272562,78150,1
1272562,1088800,1
1272562,162130,2
1272562,1259887,1
1272562,1250488,1
1272562,194977,1
1272562,316731,1
1272562,921111,2
1272562,571004,3
1272562,1686278,1
1272562,1211978,2
1272562,995283,2
1272562,1487835,2
1272562,37053,1
1272562,1430431,1
1272562,126337,3
1272562,391709,4
1272562,987389,1
1272562,988959,3
1272562,563144,1
1272562,490858,1
1403661,1195640,1
1403661,1496916,1
1403661,415185,1
1100562,1513110,1
1190677,1289859,1
1190677,5836,1
1190677,212874,1
387868,1078694,3
387868,470722,2
387868,21203,1
387868,505121,3
387868,1031505,4
387868,1051718,3
977712,179354,1
977712,563896,1
486192,383874,1
314160,277302,1
314160,358450,1
68401,692760,1
68401,1195640,1
68401,897226,1
1616693,1088800,1
1616693,554487,1
1616693,1658892,1
1616693,1151075,3
1616693,1488047,1
1616693,495864,1
1616693,244543,1
1616693,1666135,1
1616693,503043,1
1616693,1363641,1
1616693,368449,2
1616693,52673,1
1616693,372984,1
1616693,551769,1
1616693,925471,3
1616693,826409,2
1616693,1104560,1
1616693,1265361,3
486198,1175018,1
486198,519003,2
486198,768793,1
486198,1551825,3
486198,958113,1
486198,653701,1
486198,1568081,1
486198,1502735,1
1706811,797949,1
1706811,957948,1
1706811,1436910,1
1706811,392161,1
1706811,1201617,1
1706811,1209079,1
1264443,1447156,1
928576,45374,1
928576,258819,1
928576,1535719,1
928576,244431,1
928576,1551825,1
617284,753478,1
191304,1113578,1
191304,391709,1
191304,294432,1
191304,1539564,1
191304,439390,1
1682255,1322482,2
1682255,1628782,1
1682255,617339,2
1682255,1420754,3
1682255,307990,20
1682255,1055993,1
1682255,374767,2
1682255,792197,1
1682255,431339,1
1682255,563144,2
1682255,392161,1
1682255,1314276,1
1682255,1153231,7
1682255,381745,1
43855,1357361,2
43855,1200218,2
551769,1488047,1
551769,372984,1
519003,1535719,1
519003,1317376,1
519003,1014848,1
519003,958113,1
519003,225752,1
519003,1441762,1
519003,1568081,1
519003,250501,1
519003,1342727,1
346993,528162,1
346993,293380,1
346993,415169,1
346993,1199221,1
346993,1580093,1
1362808,93512,1
617339,563144,2
617339,1420754,2
617339,1322482,2
617339,307990,2
617339,1201617,1
617339,1389110,1
617339,865728,1
617339,1481761,1
617339,374767,2
617339,1363641,4
617339,826409,1
617339,933805,2
617339,817244,1
617339,1650248,1
1411964,1391033,1
1534845,1087539,1
1534845,544088,1
1534845,1371644,1
1428352,294432,2
1133442,865097,1
1133442,556073,3
1133442,531575,2
945028,86255,1
945028,750523,1
945028,920795,1
928647,864200,3
928647,1314982,2
928647,544489,9
109448,12468,1
1182605,1457140,3
1182605,946452,3
1182605,1154895,4
1706905,424467,1
1706905,358036,1
1706905,659309,1
1706905,1201504,1
1166251,1259659,1
240572,1136416,1
347089,364739,2
756696,454181,1
756696,945716,3
756696,629534,2
674784,1146117,1
674784,555692,1
674784,479773,1
674784,578025,1
1338338,596135,1
1231858,383673,1
1231858,552764,1
1231858,1588480,1
1231858,1211978,1
1231858,1201617,2
1231858,955177,2
1231858,1650248,4
1231858,1649672,3
1231858,1585666,2
1231858,1322351,2
1231858,490858,1
1231858,1487835,2
1231858,628163,1
1231858,373299,3
863220,195610,2
863220,339166,1
863220,325519,1
863220,1088800,1
863220,392161,1
863220,604097,1
863220,1682446,1
1149956,700758,1
1149956,154798,1
1649672,872815,2
1649672,331047,1
1649672,1634514,1
1649672,301403,1
1649672,1650248,5
1649672,1322351,4
1649672,709082,1
1649672,1201617,3
1649672,521934,1
1649672,373299,3
1649672,400616,1
1649672,249737,3
1649672,740902,1
1649672,596728,2
1649672,908217,1
1649672,1585666,2
1649672,715820,4
1649672,561260,1
1649672,1153598,1
1649672,1487835,2
1649672,1055498,1
1649672,261654,1
748557,1544258,1
1682446,1620997,1
1682446,1136408,1
1682446,79610,1
1682446,392161,1
1682446,449502,1
1682446,745364,1
1682446,604097,1
1682446,1088800,1
437269,1170305,2
658455,1538119,1
658455,250763,1
658455,547906,1
830488,86255,1
945183,391709,1
945183,1650248,1
945183,1129504,1
715820,603396,2
715820,596728,2
715820,561260,1
715820,1151938,1
715820,249737,8
715820,1094175,2
715820,872815,6
314414,1551560,1
314414,1298463,1
224304,520855,1
879676,15378,1
879676,1440779,2
879676,1088800,1
879676,921111,2
879676,930452,1
879676,1686278,1
486465,251510,1
486465,578556,1
486465,769315,1
486465,130178,1
486465,1322482,1
486465,563144,2
486465,202517,1
1051718,21203,1
1051718,1078694,3
1051718,687079,1
1510479,946452,13
1223761,274669,1
1223761,1628985,1
1223761,503043,1
1248338,1512731,5
1248338,398780,6
1248338,1127149,3
1248338,712411,1
1248338,564883,6
11349,57189,1
11349,916523,1
1666135,364944,2
1666135,495864,1
1666135,1363641,1
1666135,1414355,1
1666135,52673,2
1666135,925471,2
1666135,826409,1
1666135,1520446,1
1666135,503043,1
1666135,128031,1
1666135,1151075,2
1240154,1187734,1
1240154,186443,1
1240154,1175472,1
1240154,1129504,1
1240154,1700088,1
535649,349846,1
535649,1535952,1
535649,458183,1
535649,1636011,1
535649,1708017,1
601186,1537555,1
601186,471350,1
601186,528742,1
511075,1136143,1
724072,881265,1
724072,628163,2
724072,573292,1
724072,130150,1
724072,913183,1
724072,1585636,1
1535083,1105608,1
1535083,1250488,1
1535083,767552,1
1535083,490858,1
1535083,244431,2
1535083,1201617,1
1535083,586037,2
1535083,1136416,1
1617010,1415081,1
1617010,1290139,2
1199221,293380,1
1174648,1195640,1
1174648,619106,1
1174648,293598,1
1174648,692760,1
1174648,947230,1
1174648,945620,1
1174648,1187317,1
1174648,1496916,1
1174648,1659362,1
1174648,1659246,1
1174648,266662,1
994434,52673,1
994434,119694,1
994434,498114,3
994434,1635526,1
584845,392161,1
584845,86255,1
584845,915962,1
584845,1200210,1
584845,253881,4
584845,340928,1
60561,1618604,1
60561,1669126,1
60561,792441,2
658579,52673,1
658579,407633,1
658579,1506751,1
658579,521870,1
208027,1306641,1
208027,1322482,1
208027,347681,1
961706,13982,3
961706,1120791,2
961706,522780,3
1068211,1642341,3
1068211,86255,3
1068211,904552,1
1068211,920795,3
363711,1322351,1
363711,1405236,1
462018,1166595,2
462018,586137,3
462018,528742,1
462018,52673,1
462018,471350,1
462018,1399086,1
462018,151059,1
462018,1586776,2
462018,1191292,1
1322180,96050,1
1551560,1298463,1
355535,1358281,1
3282,1701385,1
3282,1060080,1
3282,798934,4
1666265,563012,1
920795,86255,5
920795,904552,1
920795,1642341,3
920795,750523,1
920795,520855,1
339166,325519,1
421088,1621976,1
421088,331047,1
1060080,143113,1
1060080,307665,1
1060080,486710,1
1060080,1701385,3
1060080,1060965,1
797949,392161,1
797949,1209079,1
503043,308945,1
503043,1628985,1
503043,1151075,1
503043,274669,1
1166595,1586776,2
1166595,1191292,1
85253,1658892,1
85253,1111010,1
1051923,233684,1
1010968,1629832,1
1010968,487519,1
1461541,1022582,3
331047,1487835,2
331047,366544,1
331047,1685687,1
331047,1577982,1
331047,1045159,1
331047,1481761,1
331047,179279,1
331047,826409,1
331047,596135,1
331047,627829,1
331047,128023,1
331047,81880,1
331047,702457,26
331047,531575,1
331047,1505117,2
331047,130178,2
331047,1700072,3
331047,392161,1
331047,1201617,3
331047,1030937,1
331047,400616,1
331047,1060409,1
331047,261654,1
331047,431339,2
331047,52673,1
331047,261721,1
331047,1211978,1
331047,1554127,1
331047,1136143,1
331047,1088800,1
863531,850174,1
863531,325448,1
863531,1447156,4
863531,146007,1
748845,1674632,1
453937,842401,2
453937,52538,2
453937,1014848,2
486710,53618,1
486710,1138244,2
486710,179279,2
486710,1577368,1
486710,449776,1
486710,1060965,1
486710,1363641,5
486710,798934,1
486710,495864,5
486710,1055498,4
486710,596135,2
486710,1481761,1
486710,1457207,2
879928,972342,1
879928,1193837,1
1658170,392161,1
1658170,1300610,3
1658170,907856,1
1658170,134509,1
52538,1014848,2
52538,842401,2
52538,1044608,1
740677,1628620,1
740677,52673,1
740677,1071670,1
740677,1700072,1
1322311,244543,1
1322311,391638,1
93512,1097303,1
93512,1170308,1
93512,1322482,2
1199435,1257395,5
1199435,210907,5
1199435,455439,2
1199435,1207705,5
1199435,1496739,1
1568081,958113,1
544088,1087539,1
544088,1371644,1
601437,868292,1
601437,1389489,1
601437,73542,1
601437,1627249,2
601437,32252,1
601437,1472370,1
601437,881265,1
601437,1192281,1
601437,1274065,1
1355108,660305,1
1355108,1103727,1
1355108,1527310,5
904552,86255,1
904552,1642341,1
134509,38159,1
134509,907856,1
134509,1300610,1
134509,392161,4
134509,383874,4
1322351,1201617,5
1322351,79115,4
1322351,130178,1
1322351,1363641,1
1322351,327052,2
1322351,563144,1
1322351,1019943,2
1322351,1700072,1
1322351,1650248,7
1322351,1708463,1
1322351,373299,2
1322351,1487835,2
1322351,1209079,1
1322351,179354,1
1322351,1405236,2
1322351,1585666,2
1322351,261654,1
1322351,1628620,1
1322351,822803,1
1322351,56325,1
1322351,826409,1
1322351,471350,1
1322351,381745,1
1322351,768684,1
1322351,1685698,1
1322351,1420754,1
1322351,1482204,1
93553,1481761,1
93553,81172,1
1289589,406799,1
1289589,1054184,5
1289589,1462523,2
1289589,1425067,1
331126,470722,3
331126,1430431,1
331126,921111,2
331126,126337,3
331126,162130,2
667004,23437,2
667004,37426,1
667004,769241,2
667004,1060965,2
667004,309699,2
667004,728070,1
667004,11898,1
126337,244431,7
126337,130150,9
126337,1700072,1
126337,1211978,1
126337,1250488,1
126337,186443,1
126337,628163,2
126337,1260670,1
126337,162130,2
126337,528742,5
126337,1686278,1
126337,202517,2
126337,470722,3
126337,1430431,1
126337,921111,2
126337,194979,6
126337,316731,1
126337,373299,3
126337,1259887,10
126337,1217997,1
126337,490858,12
667010,1577368,1
667010,210907,1
667010,1249902,1
667010,1363641,1
1338755,479903,1
1674632,954889,1
298376,1577302,1
1207705,1496739,1
1207705,1257395,6
1207705,210907,5
1207705,717431,1
1207705,455439,2
1207719,406098,1
1207719,1265361,1
1207719,1055498,2
396729,799632,1
781759,921111,1
52673,826409,1
52673,1414355,1
52673,179279,1
52673,1708068,1
52673,331391,1
52673,1700072,1
52673,1363641,1
52673,1151075,2
52673,1071670,1
52673,384849,1
52673,119694,1
52673,364944,1
52673,528742,1
52673,536210,1
52673,925471,1
52673,1014848,1
52673,1628620,1
52673,930598,1
52673,991101,2
52673,1398858,1
52673,1265361,1
52673,1104560,1
52673,1088800,1
52673,128031,1
52673,1520446,1
52673,495864,2
52673,407633,2
52673,151059,1
52673,1506751,1
1109456,628163,1
1109456,1192281,1
1551825,653701,1
1551825,652367,1
1551825,292799,1
1551825,258819,1
1551825,45374,1
1551825,1105608,1
1551825,1535719,1
1551825,1201617,1
1551825,244431,1
1420754,31302,1
1420754,448960,1
1420754,1363641,1
1420754,374767,2
1420754,792197,1
1420754,1391604,1
1420754,1201617,1
1420754,307990,3
1420754,1322482,2
1420754,130178,1
1412562,573215,2
1412562,1373505,2
1412562,1120534,2
945620,947230,1
945620,1195640,1
945620,1496916,1
945620,1187317,1
945620,1659246,1
945620,266662,1
945620,692760,1
945620,619106,1
945620,293598,1
945620,1659362,1
617958,569658,1
617958,1343349,1
617958,1045635,2
617958,1160999,1
617958,1095926,1
617958,1170494,2
617958,45543,1
617958,64684,1
617958,266894,2
617958,1216298,2
765414,1646424,1
1175018,768793,1
1175018,695229,1
1175018,310307,1
1175018,881679,1
1175018,326794,1
1322482,1031313,1
1322482,563144,6
1322482,1170308,1
1322482,130178,1
1322482,1687488,1
1322482,307990,2
1322482,80809,1
1322482,1306641,1
1322482,1250488,1
1322482,1586776,1
1322482,374767,2
1322482,578556,1
1322482,251510,1
1322482,347681,1
1322482,258819,1
1322482,1081176,1
1371644,1087539,1
1003012,392161,1
1003012,1233095,1
1003012,741666,1
1003012,1102027,1
1003012,274559,1
1707525,955177,1
1707525,1539870,1
1232390,1578709,1
1068553,1693697,1
1027597,1700568,1
1527310,1129504,1
1527310,349719,3
1527310,1136143,1
1043986,1668674,1
1043986,364977,1
151059,528742,1
151059,1119559,1
151059,817244,1
151059,552764,9
151059,1201617,2
822803,111387,4
921111,162130,2
921111,955177,1
921111,1440779,3
921111,924807,1
921111,374767,2
921111,1513110,1
921111,431339,2
921111,1594373,3
921111,1596284,3
921111,470722,2
921111,552764,1
921111,1669507,2
1175063,791464,2
495134,1482304,2
495134,1061868,1
495134,1646450,1
495134,954889,1
347681,1306641,1
781858,294757,1
970275,383874,1
970275,989676,1
740902,908217,1
740913,908217,1
945716,629534,2
1060409,1554127,1
1683012,1535742,1
1084998,907115,2
1650248,1481761,1
1650248,1708463,1
1650248,56325,1
1650248,1628620,5
1650248,1487835,2
1650248,110751,1
1650248,1405236,2
1650248,1585666,2
1650248,1153598,1
1650248,709082,2
1650248,1201617,3
1650248,1363641,1
1650248,391709,1
1650248,1055498,1
1650248,1430431,1
1650248,1356937,1
1650248,373299,3
1650248,866630,1
1650248,1391351,1
1650248,552764,1
1650248,693865,1
880204,726643,1
880204,1096324,1
134733,422072,3
134733,767552,3
519757,1404544,1
519757,275134,1
519757,1277167,1
1330769,95381,1
1330769,1168540,8
159319,422072,1
159319,1462359,1
1584744,1136416,1
216687,628163,1
11898,37426,1
1289859,5836,1
1289859,212874,1
1142404,876178,1
1142404,1119559,1
634500,38558,1
544399,1274065,1
536210,71482,1
536210,1644839,1
536210,407633,1
536210,916684,1
945813,1505117,1
1355416,1249902,3
1306273,1512894,1
1306273,392161,1
1167024,208622,1
1167024,1486940,1
1167024,594709,1
1363641,210907,1
1363641,791193,2
1363641,1535952,2
1363641,55203,1
1363641,1055498,4
1363641,1481761,1
1363641,1112958,1
1363641,1055993,1
1363641,249757,1
1363641,495864,5
1363641,1151075,1
1363641,1282961,2
1363641,1201617,2
1363641,948118,1
1363641,1577368,4
1363641,1249902,1
1363641,925471,2
1363641,79115,2
1363641,826409,3
1363641,327052,1
1363641,817244,8
1363641,1088800,1
1363641,596135,1
470722,1430431,1
470722,162130,2
470722,1031505,2
470722,991101,1
470722,505121,2
1560264,38159,1
1265361,1505117,1
1265361,925471,4
1265361,1151075,5
1265361,1088800,1
1265361,368449,3
1691356,299619,1
1535719,1342727,1
1535719,45374,1
1535719,258819,1
1535719,250501,1
1535719,1317376,1
1535719,1014848,8
1535719,225752,1
1535719,1441762,1
1535719,244431,1
544489,1314982,1
1158890,1201617,1
208622,594709,1
208622,1486940,1
397041,578556,1
1625845,1095793,1
667383,1602413,1
667383,629534,1
1535742,1323602,1
1535742,249737,1
1535742,1669978,3
1707798,594111,2
1707798,569417,1
1707798,244543,2
1707798,1358274,1
1707798,965230,1
1593113,374849,1
1593113,31302,1
1593113,179354,4
1593113,1136143,1
1593113,1228656,3
1593113,422072,1
1036060,364739,3
1036060,423940,4
1036060,604371,3
1036060,1561708,1
913183,130150,1
913183,628163,1
913183,1585636,1
913183,573292,1
913183,881265,2
1216298,1170494,2
1216298,266894,2
1216298,1045635,2
1216298,45543,1
1167146,474435,1
1666862,260272,1
1666862,1472017,3
1617715,531187,2
1617715,872815,1
1347381,490149,1
1347381,391655,1
1347381,1151583,1
1347381,677943,1
1347381,430942,1
1347381,472643,1
1347381,538061,1
274233,490858,1
274233,1260670,1
274233,1604099,1
274233,941533,1
552764,1201617,2
552764,179354,1
552764,1013897,1
487243,1055498,1
1355596,290929,1
479068,1316063,2
479068,1129143,1
1281886,1151075,1
1281886,925471,1
520031,946877,1
1642341,86255,3
823143,1626644,1
36711,1415740,1
36711,1187734,1
675690,924807,1
675690,745448,1
659309,1201504,1
659309,424467,1
659309,358036,1
757614,397352,1
757614,989923,1
651120,1234817,1
651120,144085,1
249737,1094175,2
249737,603396,2
249737,872815,6
249737,1151938,1
249737,1652221,1
249737,1061868,1
249737,596728,2
257939,1538072,1
249757,1571947,1
249757,1676465,1
249757,86208,1
708510,1481761,1
708510,784566,1
421808,745378,1
1175472,1129504,3
1175472,1700088,1
1175472,833744,1
1257395,455439,2
1257395,1496739,1
1257395,210907,6
1257395,717431,1
1257402,310628,1
1257402,726173,1
1257408,1535952,1
1257411,1400383,1
1257411,1105608,1
1257411,1400665,1
1699781,1535952,1
1699781,946877,1
864200,991043,1
864200,1535952,1
864200,965230,1
1535952,1014067,3
1535952,1234095,1
1535952,965230,1
1535952,342063,1
1535952,1079085,1
1535952,458183,1
1535952,1636011,1
1535952,991043,1
1535952,1669126,1
1535952,1708017,1
1535952,603734,1
1535952,865868,3
1535952,349846,1
1535952,1201617,1
1535952,563896,2
1535952,573221,3
1535952,1481761,3
1535952,448960,2
1535952,791193,2
1535952,1282961,2
995283,1055993,2
69595,547963,1
69595,990407,1
69595,186443,1
69595,1162948,1
69595,1306745,1
69595,923108,1
1134557,1372157,1
1134557,384806,1
1134557,384803,1
1708017,1636011,1
1708017,458183,1
1708017,349846,1
1224694,1659293,1
1372157,1047121,1
1576968,340197,1
1576968,925471,1
1658892,1111010,1
1658892,596135,1
1658892,1151075,1
1708068,384849,1
1708068,351349,7
1019943,79115,2
397352,881265,2
397352,15378,1
397352,373299,4
397352,244431,9
397352,989923,1
397352,490858,1
192560,1662420,1
970808,186443,1
970808,1183922,1
1355835,849916,1
1585230,596135,1
1585230,849916,1
1585230,79115,1
1585232,563012,1
1273937,1669507,1
1273937,1225702,1
1273937,1129504,1
1200210,759544,2
1200210,481587,1
1200210,1505349,3
307286,538061,1
1462359,422072,1
1200218,1482204,1
1200218,1357361,2
684123,1626930,3
1486940,594709,1
487519,1629832,1
1151075,1683661,1
1151075,710737,1
1151075,596135,3
1151075,826409,1
1151075,1112958,1
1151075,547963,1
1151075,1088800,4
1151075,392161,2
1151075,79115,1
1151075,1104560,4
1151075,495864,2
1151075,817244,1
1151075,563012,1
1151075,368449,4
1151075,179279,1
1151075,1670519,1
1151075,464375,1
1151075,1318421,2
1151075,916684,1
1151075,301976,1
1151075,850656,1
1151075,925471,12
1060965,23437,2
1060965,728070,1
1060965,769241,2
1060965,1095793,1
495722,586037,1
618602,275311,1
618602,235285,1
618602,233603,1
618602,1635526,1
1306745,923108,1
1306745,186443,1
274559,1233095,1
274559,392161,1
274559,741666,1
274559,1102027,1
381057,1482204,1
381057,495864,1
233603,1635526,2
233603,235285,3
233603,275311,3
1511564,179279,1
970897,1318421,1
970897,596135,1
110751,1662420,4
422072,865728,1
422072,1201617,1
422072,1700568,1
422072,1121779,1
422072,179279,1
422072,1481761,1
422072,31302,2
422072,1210841,1
422072,767552,7
422072,1438802,1
4281,266894,1
4281,1104681,1
4281,40605,1
37053,130178,1
37053,1512296,1
37053,1119559,1
1347774,799632,2
594111,1513110,2
594111,381745,1
86208,1571947,1
86208,1676465,1
364739,604371,2
364739,423940,3
168134,991043,1
1233095,741666,1
1233095,392161,1
1233095,1102027,1
897226,1195640,1
897226,692760,1
1102027,741666,1
1102027,392161,1
1683661,710737,1
1683661,850656,1
1274065,881265,1
1274065,1054561,1
1274065,1627249,4
1274065,73542,1
1274065,1192281,1
1274065,1472370,1
1634514,521934,1
585947,1700072,1
585947,506344,1
774364,1644839,1
340197,925471,1
946407,751320,1
946407,965836,1
1700072,1708463,1
1700072,1071670,1
1700072,1250008,2
1700072,391709,1
1700072,315728,1
1700072,1487835,5
1700072,1628620,2
1700072,1539187,1
1700072,506344,1
1700072,244431,1
1700072,1259887,1
1700072,528742,1
1700072,849916,2
1700072,1201617,2
1700072,490858,1
1700072,431339,2
1700072,1685698,1
1700072,178438,1
1700072,1686278,1
1700072,373299,1
1700072,56325,1
1700072,826409,1
1700072,1088800,4
1700072,1423563,2
274669,1628985,1
86255,392161,1
86255,528742,1
86255,865868,1
86255,381317,1
86255,1481761,1
86255,750523,1
86255,179354,1
86255,825475,1
86255,226722,1
86255,596135,1
86255,1693326,1
1519859,144246,1
1519859,1711320,1
1519859,1579608,1
495864,826409,1
495864,1088800,1
495864,79115,1
495864,925471,1
495864,1662503,1
495864,1398858,1
495864,817244,1
495864,1055498,4
495864,1104560,1
495864,1482204,1
495864,449776,1
495864,1112958,1
372984,1488047,1
1700088,1129504,1
1462523,1054184,2
987389,1089096,1
987389,1662420,1
987389,1669126,1
889090,931845,1
471301,276394,3
471301,916523,3
471301,563144,5
471301,991101,1
471301,875341,3
471301,726643,3
1085706,73542,3
946452,1457140,2
1487137,1505117,2
1487137,834284,1
1487137,955177,2
1487137,244543,2
741666,627829,1
741666,392161,1
1241377,349719,1
1667366,268639,1
258354,941533,1
586037,490858,4
586037,244431,8
586037,186443,5
586037,1348572,6
471350,528742,1
471350,1537555,1
471350,1014848,1
569658,1343349,1
569658,64684,1
569658,1160999,1
569658,1095926,1
45374,244431,1
45374,258819,8
78150,1686278,1
78150,1472370,2
315728,15053,1
315728,178438,1
315728,826409,1
1003857,1063226,1
1003857,178438,1
1577302,1669507,4
1577302,612714,1
1577302,299619,1
1577302,1129504,2
700758,154798,2
1192281,348948,1
1192281,628163,1
1192281,881265,1
1192281,73542,1
1192281,1079570,1
1192281,1627249,3
1192281,1472370,1
1192281,104633,2
1446240,816999,1
1446240,449776,1
1446240,1249902,1
479588,480168,1
479588,954889,1
528742,759544,1
528742,373299,2
528742,923108,1
528742,1537555,1
528742,244431,5
528742,1211978,1
528742,186443,2
528742,1259887,2
528742,1686278,1
528742,865868,1
528742,490858,1
823657,111387,1
274794,374767,3
274794,431339,3
274794,80809,3
274794,31302,3
274794,1538119,1
1659246,1195640,1
1659246,947230,1
1659246,1187317,1
1659246,619106,1
1659246,692760,1
1659246,1659362,1
1659246,1496916,1
1659246,266662,1
1659246,293598,1
872815,1193725,2
872815,531187,1
872815,1151938,1
872815,1094175,3
872815,1585666,1
872815,603396,1
872815,596728,2
53618,179279,2
53618,645176,1
94578,1539564,1
94578,391709,2
94578,103874,1
61810,965230,3
381317,825475,1
381317,1693326,1
381317,226722,1
364944,128031,1
364944,1520446,1
364944,1414355,1
1577368,1249902,1
1577368,210907,1
1577368,596135,1
586137,1538072,2
586137,1399086,1
266662,293598,2
266662,1496916,1
266662,1187317,1
266662,619106,1
266662,947230,2
266662,1195640,2
266662,692760,2
266662,1659362,1
1708463,56325,5
1708463,95381,1
1708463,431339,2
1708463,21203,1
364977,1668674,1
1012145,1283568,2
1675707,334053,1
1552855,570963,1
225752,1342727,1
225752,1014848,1
225752,250501,1
225752,1441762,1
225752,1317376,1
307672,563144,8
709082,1628620,1
709082,866630,1
1659362,1195640,1
1659362,947230,1
1659362,692760,1
1659362,1496916,1
1659362,619106,1
1659362,1187317,1
1659362,293598,1
1585636,881265,1
1585636,573292,1
1585636,1686278,2
1585636,628163,1
1585636,130150,1
45543,1045635,1
45543,1170494,1
45543,266894,1
578025,1146117,1
578025,479773,1
1151475,881265,1
1151475,1178106,1
1151475,1258006,2
676345,1055498,4
102912,1514284,2
102912,1219549,2
1585666,1487835,2
1585666,373299,2
1585666,1201617,2
954889,480168,1
750091,982879,1
1626644,47049,1
1626644,144246,1
692760,1496916,1
692760,947230,2
692760,1187317,1
692760,1195640,4
692760,619106,1
692760,293598,2
479773,1146117,1
1094175,1201617,1
1331748,1201617,1
373299,244431,2
373299,1259887,2
373299,490858,2
373299,1487835,2
373299,1201617,2
373299,15378,1
1389110,865728,1
1700428,1703885,1
1700428,1324693,1
1446494,226025,1
1446494,1662938,1
1151583,490149,1
1151583,391655,1
1151583,538061,1
619106,1187317,1
619106,947230,1
619106,1496916,1
619106,1195640,1
619106,293598,1
299619,1669507,1
299619,1129504,1
619113,392161,1
1249902,1160999,2
1249902,308242,1
1249902,1047121,2
1249902,210907,1
1454702,1079875,2
1454702,294501,1
1454702,1228752,2
1454702,1039904,2
1454702,316569,2
1454702,1669126,1
1454702,72936,2
53871,38159,1
881265,628163,1
881265,1627249,1
881265,130150,1
881265,73542,1
881265,573292,1
881265,1472370,1
881265,1178106,1
897651,1088800,1
897651,1104560,1
717431,31302,1
717431,194979,1
250501,1441762,1
250501,1014848,1
250501,1342727,1
250501,1317376,1
1618565,1433593,1
266894,1045635,6
266894,1170494,2
930452,15378,1
791193,1282961,2
1045159,366544,1
1045159,128023,1
1692330,1364804,1
1422000,146007,1
275134,1277167,1
856772,1646063,1
1282770,1250793,1
1282770,1669507,1
1282770,193471,1
21203,1078694,6
144085,1053488,1
144085,1234817,1
144085,1627249,1
1700568,31302,1
1700568,799632,1
1250008,849916,2
1250008,1088800,2
1250008,1423563,2
1176283,319263,1
1176283,923143,1
471771,1538072,2
774887,391709,1
226025,930900,1
1127149,1512731,3
1127149,398780,3
1127149,564883,3
1209079,261654,1
1209079,186443,1
1209079,392161,1
930558,736233,1
258819,1250488,1
258819,244431,1
258819,563144,1
455439,210907,2
455439,1496739,1
348948,1054561,1
348948,1627249,6
307990,1153231,7
307990,792197,1
307990,1055993,2
307990,374767,2
930598,1104560,1
955177,1505117,2
955177,570963,1
955177,1539870,2
955177,383673,1
955177,146007,1
955177,1538119,2
1053488,1627249,1
381745,1628620,1
381745,1513110,2
1626930,392161,1
1520446,1414355,1
1520446,128031,1
1364804,629534,1
865097,294441,1
660305,1103727,1
422741,1318565,1
422741,1095039,1
430942,677943,1
430942,481957,1
430942,472643,1
1602413,629534,1
275311,235285,3
275311,1635526,2
144246,1711320,1
144246,1579608,1
1635201,178438,1
1028997,587235,1
1028997,276394,2
250763,1538119,1
119694,1423563,2
119694,400579,1
1315729,1055498,1
1315729,1481761,1
1315729,1037989,1
1315729,392161,1
1315729,892480,1
1430431,1103727,1
1430431,1628620,1
1430431,1250488,1
1430431,96050,2
1389489,868292,1
193471,1250793,1
193471,1669507,1
676801,1129504,1
676801,645694,1
1151938,931845,1
1487835,1201617,2
1487835,431339,2
1348572,122101,1
1348572,1603025,1
1348572,1163068,21
1225702,1669507,1
1225702,1129504,1
1061868,1652221,1
578556,130178,1
578556,251510,1
578556,563144,1
1577982,1088800,1
1577982,1030066,1
1594373,349719,1
1594373,1496415,1
1594373,1596284,3
881679,695229,1
308242,130178,1
308242,1105608,1
128023,366544,1
947230,1496916,1
947230,1195640,2
947230,293598,2
947230,1187317,1
128031,1414355,1
87086,570963,1
1332287,450198,1
1332287,294432,2
1332287,391709,8
652367,1693697,1
1438802,1210841,1
930900,1160999,1
930900,892480,1
930900,104295,1
930900,1275236,1
439390,1113578,1
439390,1539564,1
439390,391709,1
439390,294432,1
693345,538021,1
1561708,423940,1
1561708,604371,1
1627249,1472370,1
1627249,1391507,1
1627249,32252,1
1627249,1456570,1
1627249,73542,1
1627249,596568,1
1627249,1054561,2
1160307,1481761,2
1160307,563896,1
1160307,1095926,1
1348723,1021644,1
1348723,1105608,1
1348723,1234728,1
1348723,212682,1
627829,1489596,1
275571,1645949,1
1045635,1170494,2
1610894,1635790,1
1610894,1645475,1
95381,56325,1
95381,1488390,1
95381,327052,1
316569,1669126,1
316569,294501,1
316569,1039904,2
316569,1228752,2
316569,72936,2
316569,1079875,2
1168540,1283568,1
726173,310628,1
1676465,1571947,1
1250488,244431,2
1250488,1259887,1
1250488,194979,1
1250488,202517,1
1250488,1136416,2
1250488,653701,1
1250488,563144,1
1250488,1260670,1
1250488,130178,2
1250488,490858,4
1250488,316731,1
1447109,925471,3
1635526,235285,2
439511,573292,1
382168,1505117,1
267482,325448,2
1316063,1129143,1
431339,383874,1
431339,80809,3
431339,374767,3
431339,31302,3
431339,563144,2
431339,1055993,1
431339,392161,1
431339,56325,2
1447156,1006674,1
1447156,581542,1
79115,596135,1
79115,1104560,1
79115,849916,1
79115,817244,3
79115,1112958,1
38159,1121065,1
38159,392161,1
406799,1425067,1
685337,661671,1
1512731,712411,1
1512731,564883,5
1512731,398780,5
505121,1031505,5
316731,1259887,1
316731,490858,1
316731,1260670,1
316731,202517,1
841019,1594841,1
841019,974713,1
1373505,573215,2
1373505,1120534,2
1119559,876178,1
1119559,319263,1
1119559,1201617,1
1119559,817244,1
1201504,424467,1
1201504,358036,1
1275236,104295,1
628086,547963,3
1095039,1318565,1
226722,1693326,1
226722,825475,1
513442,513968,1
538021,792197,1
308661,596135,1
398780,564883,6
398780,712411,1
1512894,392161,1
972222,850174,1
865728,1021644,1
865728,956297,1
415169,1580093,1
103874,1539564,1
103874,391709,2
628163,1472370,2
628163,1259887,1
628163,573292,1
628163,1211978,2
628163,244431,1
628163,1686278,1
628163,202517,1
628163,130150,2
628163,490858,2
628163,1588480,1
628163,14492,1
628163,1217997,1
1217997,130150,1
1217997,1259887,1
1217997,244431,1
1217997,1686278,1
1217997,1211978,1
1635790,1645475,1
538061,490149,1
538061,391655,1
538061,728764,1
538061,408035,1
1201617,865868,1
1201617,767552,1
1201617,392161,2
1201617,1088800,4
1201617,1055993,2
1201617,957948,1
1201617,1391604,2
1201617,817244,1
1201617,948118,1
1201617,179354,1
1201617,1481761,2
1201617,1014067,3
1201617,1685687,1
415185,1496916,1
415185,1195640,1
1594841,974713,1
587235,276394,1
923108,759544,1
923108,1014848,1
923108,186443,1
1250793,1669507,1
1488390,327052,1
923143,319263,2
1136143,179354,1
1136143,1391351,1
1136143,531575,1
1136143,1654354,1
1136143,30915,1
1136143,1129504,2
1136143,309109,1
1136143,383673,1
1136143,1481761,1
1136143,392161,1
1136143,458679,1
1472017,260272,1
349719,818259,1
349719,1595314,3
349719,991101,1
1357361,431837,1
972342,1193837,1
767552,179279,1
472643,677943,1
865868,244543,1
865868,1505117,1
865868,1014067,2
865868,1481761,2
865868,563896,1
865868,875127,1
865868,573221,1
570963,1539870,1
603734,1669126,1
1586776,563144,1
726643,991101,1
726643,1096324,1
251510,130178,1
251510,563144,1
571004,988959,2
882302,882318,1
882302,882303,1
882302,589078,1
882302,1629658,1
882303,882318,1
882303,1629658,1
792197,1260670,1
882318,1629658,1
1693326,825475,1
358036,424467,1
1324693,1703885,1
349846,458183,2
349846,1636011,1
276121,146007,1
13982,522780,4
13982,1120791,2
1496739,210907,1
808612,1228620,1
1037989,892480,1
1037989,1055498,1
1037989,1481761,1
1037989,392161,1
1636011,458183,1
1021644,212682,1
1021644,1234728,1
1021644,1105608,1
5836,212874,1
1578709,334053,1
751320,965836,1
759544,1505349,2
79610,1620997,2
595726,991101,2
202517,1260670,1
202517,563144,1
202517,490858,2
202517,1259887,1
1136408,745364,1
1136408,449502,1
1136416,490858,1
735009,334053,1
735009,825894,1
1160999,892480,1
1160999,64684,1
1160999,1343349,1
1160999,1095926,1
1234728,212682,1
1234728,1105608,1
71482,925471,1
71482,1644839,1
71482,916684,1
563012,925471,1
276296,1695720,1
268106,1646058,2
268106,1163068,2
1169229,368449,1
1169229,810097,1
1169229,1104560,1
1496916,293598,1
1496916,1187317,1
1496916,1195640,3
1505117,826409,1
1505117,400616,1
1505117,244543,2
1505117,261721,1
1505117,1669124,1
1505117,1030937,1
1505117,702969,1
407405,768684,1
1472370,73542,1
1472370,694396,1
309109,30915,1
792441,1669126,1
1234817,1474387,1
1234817,826040,1
1570697,785390,1
948118,1055993,1
948118,31302,1
55203,817244,1
276394,875341,3
276394,563144,3
276394,269458,1
276394,916523,3
604097,392161,1
604097,1088800,1
563144,31302,1
563144,916523,3
563144,933805,2
563144,130178,1
563144,875341,3
563144,80809,1
210907,350248,2
292846,244431,3
374767,80809,3
374767,31302,3
849916,596135,1
849916,1088800,2
849916,1423563,2
1669126,1079875,1
1669126,1228752,1
1669126,72936,1
1669126,1039904,1
423940,604371,3
1120300,481587,1
1120300,1334020,2
358450,277302,3
645176,179279,1
374849,1228656,3
374849,179354,3
1538119,1300992,1
1538119,433686,1
1538119,31302,1
1538119,130178,1
309320,448810,1
309320,7684,1
1398858,1088800,1
186443,1636547,1
186443,490858,9
186443,244431,9
710737,850656,1
407633,1506751,1
817244,1104560,1
817244,826409,1
817244,1112958,2
1235043,982879,1
1300610,907856,1
1300610,392161,1
333986,1695720,1
333986,1211978,2
596135,1603751,1
596135,1588480,1
596135,179279,3
596135,556217,1
596135,392161,1
596135,892480,2
596135,31302,2
596135,130178,3
596135,1539187,2
596135,1318421,3
596135,1423563,1
1603751,1423563,1
784566,1481761,1
841916,573221,1
841916,1481761,1
1685698,1597381,1
1423563,1088800,3
833744,1309681,1
334053,531490,1
334053,825894,1
1095926,563896,2
1095926,64684,1
1095926,1481761,3
1095926,1014067,1
1095926,1343349,1
178438,826409,1
178438,1063226,6
1333521,391709,1
1120534,573215,2
1022246,1644839,1
1022246,1211918,1
1022246,1539187,2
1644839,916684,1
1644839,1211918,1
448810,7684,1
1014067,563896,3
1014067,1481761,2
1014067,892480,1
481587,1433593,1
481587,1400689,1
481587,1301010,2
481587,1325637,2
866630,1628620,1
317768,1309191,1
317768,563894,1
317768,850656,1
268639,686862,1
1259887,1686278,1
1259887,194979,5
1259887,1260670,1
1259887,244431,3
1259887,1211978,1
1259887,490858,11
1259887,130150,10
1669507,1129504,8
194979,244431,1
194979,130150,8
194979,31302,1
194979,490858,8
1456570,596568,1
1456570,1391507,1
580031,14835,2
448960,573221,1
448960,1481761,1
448960,130178,1
1358281,252450,1
1628620,1071670,1
391638,244543,1
408035,728764,1
391655,490149,1
989676,383874,1
915962,253881,1
1317376,1014848,1
1317376,1342727,1
1317376,1441762,1
1604099,490858,1
1604099,1048303,1
1604099,941533,1
1604099,1260670,1
1604099,1121845,1
1309191,563894,1
1309191,850656,1
1301010,1433593,1
1301010,1325637,1
424467,130178,1
424467,1105608,1
1120791,522780,2
391709,261654,1
391709,73542,1
391709,351338,1
391709,294432,8
391709,1228782,1
391709,1539564,4
391709,1113578,1
1415740,1187734,1
1153598,1055498,1
645694,1129504,2
1079875,72936,2
1079875,1228752,2
1079875,1039904,2
1079875,294501,1
1325637,1433593,1
31302,130178,3
31302,556217,1
31302,1391604,2
31302,1703051,1
31302,1481761,4
31302,80809,3
629324,736233,3
907856,392161,1
1579608,1711320,1
596568,1391507,1
965230,56774,1
965230,253881,1
965230,991043,2
965230,1580204,1
23175,1211978,2
244377,56325,1
244377,703161,3
244377,1383796,3
842401,1014848,2
768684,1482204,1
768684,327052,1
1104560,1112958,1
1104560,810097,1
1104560,1088800,1
1104560,368449,2
563894,850656,1
563896,1481761,4
383673,1187027,2
703161,1383796,5
244431,130150,1
244431,1211978,1
244431,1686278,1
244431,490858,10
244431,1260670,1
244431,957948,3
244431,130178,1
244431,1481761,1
293598,1187317,1
293598,1195640,2
752374,1662420,1
1686278,1211978,7
1686278,1440779,1
1686278,573292,1
1686278,130150,2
1686278,924807,1
1055498,392161,2
1055498,1473532,1
1055498,892480,1
1055498,826943,1
1055498,1481761,1
244543,745426,2
875341,916523,3
1669978,383874,1
383874,392161,5
23437,728070,1
23437,769241,2
301976,916684,1
506783,1539187,1
695229,1490607,1
768963,941533,2
768963,179279,1
752579,130178,1
449502,745364,1
392161,1088800,1
392161,1055993,1
392161,991101,1
392161,1318421,1
392161,531575,1
392161,892480,1
392161,179279,1
392161,1481761,2
1391604,130178,1
1391604,1481761,2
1457140,1154895,2
891895,1064185,1
1473532,826943,2
1620997,786215,2
56325,1014848,2
728070,769241,1
1440779,924807,1
15378,490858,1
15378,130150,1
1481761,81172,1
1481761,531575,1
1481761,892480,1
1481761,130178,4
1481761,1646424,1
1481761,957948,1
1481761,573221,2
310307,326794,1
826409,368449,1
826409,327052,1
826409,925471,1
826409,261721,1
556073,531575,2
916523,57189,1
744505,327473,1
1014848,179354,1
1014848,400616,1
1014848,1441762,1
1014848,1342727,1
179279,1088800,1
179279,1318421,1
179279,573221,1
1006674,581542,8
1006674,1268828,2
1268828,581542,2
130150,490858,11
130150,573292,1
130150,1211978,3
810097,368449,1
1539187,892480,2
1539187,1088800,2
1539187,1318421,2
351349,990497,1
547963,990407,1
1260670,941533,1
1260670,490858,2
130178,490858,3
130178,1105608,1
924807,745448,1
1703051,745452,1
1031313,1081176,1
1031313,1687488,1
179354,1228656,10
64684,1343349,1
1580204,56774,1
1580204,253881,1
1227976,368449,1
72936,1228752,2
72936,1039904,2
72936,294501,1
400616,261654,1
1588480,1211978,1
1588480,581542,2
1588480,490858,1
1342727,1441762,1
1088800,925471,1
1088800,1211978,1
1031505,1269205,1
900446,900481,1
490858,1211978,1
490858,941533,1
1383796,114671,1
1670519,925471,1
1670519,368449,1
1645949,982879,1
327052,1482204,1
1129895,1211978,1
56774,253881,1
1113578,294432,1
1113578,1539564,1
1646058,1163068,2
1539564,294432,1
1187317,1195640,1
1572355,327260,1
1039904,294501,1
1039904,1228752,2
1121845,1048303,1
1400383,1400665,1
1400383,1105608,1
1482304,1646450,1
1211978,573292,2
1211978,1695720,1
1654354,458679,1
491094,1523592,1
294501,1228752,1
564883,712411,1
1105608,1400665,1
1105608,212682,1
925471,368449,4
384803,384806,1
368449,1368012,1
73542,1228782,1
1081176,1687488,1
